Temperature_C,Humidity_pct,Pressure_hPa,Wind_Speed_kmph,Cloud_Cover_pct,Rainfall_mm,Rain_Tomorrow
24,66,1004.6,15.6,53,14.7,1
37,73,1000.6,17.7,16,18.3,1
32,83,996.2,10.7,65,19.2,1
28,86,1012.7,19.0,23,1.2,0
25,95,1015.3,3.8,80,7.9,1
24,66,995.5,4.0,13,2.1,0
36,38,1010.4,25.2,75,6.7,1
28,64,1001.8,12.7,32,3.4,0
28,71,1014.4,6.4,82,12.9,1
21,57,1000.2,17.1,99,7.8,1
25,73,1015.7,23.8,56,4.6,0
20,79,1006.6,8.8,87,5.3,1
19,49,1023.1,19.8,20,7.2,0
29,77,999.1,5.3,73,5.2,1
23,63,1005.2,4.4,16,9.1,1
19,70,998.4,17.3,29,0.6,0
18,47,1022.7,17.6,56,5.6,0
29,66,1021.3,20.2,89,8.2,1
29,41,1002.7,22.6,57,12.1,1
34,93,1014.8,29.3,27,5.4,1
27,85,1019.5,16.9,20,2.7,0
33,56,1011.7,11.7,61,1.5,0
32,62,1010.9,24.5,43,18.8,0
32,36,1002.3,10.3,57,8.3,1
36,76,997.8,14.9,46,11.6,1
29,79,1021.9,5.1,62,18.4,1
37,91,1022.0,3.7,43,1.7,0
20,87,1014.0,29.0,18,17.5,1
22,40,1005.2,25.6,99,11.0,1
36,62,1005.5,21.8,9,3.3,0
24,62,1016.8,14.0,39,8.2,0
26,78,1021.9,7.7,91,15.6,1
24,78,1021.6,7.2,97,9.6,1
35,54,1018.4,9.8,79,19.7,1
21,64,1014.3,17.8,22,7.5,0
31,45,997.5,22.3,80,15.0,1
35,92,999.8,20.8,13,7.9,1
26,89,1022.0,10.6,78,16.6,1
19,62,1013.2,28.8,62,11.4,1
37,59,995.3,22.9,21,1.3,0
32,73,998.0,18.0,11,0.7,1
24,67,1014.9,19.5,50,2.7,0
29,35,995.2,14.3,17,0.3,0
25,91,999.8,9.7,44,1.5,1
32,61,1011.5,12.6,46,13.8,0
20,91,1015.8,23.5,13,10.7,1
31,86,1014.6,3.4,54,15.0,1
34,47,1001.7,6.1,31,18.3,1
21,75,1016.4,4.2,70,11.7,1
35,37,1002.1,4.1,9,14.5,1
25,73,1004.8,26.1,33,15.1,1
21,40,1017.4,22.0,41,7.6,0
19,42,1014.5,15.8,42,4.8,0
23,61,1020.5,5.6,87,4.1,0
27,43,1014.7,16.3,12,5.0,0
21,71,1012.0,15.8,69,5.5,1
35,67,997.8,7.7,90,4.1,1
29,85,1006.0,14.7,21,17.6,1
19,76,1003.0,13.8,75,15.1,1
27,78,1002.3,19.6,93,0.9,1
21,58,1024.2,20.1,49,5.4,0
31,49,1006.8,4.2,8,0.4,0
33,93,1021.8,13.1,40,10.0,1
32,88,1013.9,19.9,74,9.5,1
25,66,1018.8,16.6,35,16.6,0
31,66,1010.1,26.1,23,6.2,0
25,58,1012.3,20.8,65,16.3,1
33,75,1009.8,7.4,58,19.4,1
30,86,1000.9,4.9,43,1.8,1
35,83,1016.7,20.3,95,15.8,1
32,83,1003.4,3.7,78,11.8,1
30,92,995.7,18.8,94,9.6,1
26,86,1014.4,28.4,23,8.4,1
32,46,1000.3,18.5,43,15.7,1
30,73,1023.2,13.5,71,12.8,1
18,36,1023.6,20.4,49,16.1,0
24,37,1022.4,15.4,17,18.1,0
26,83,1006.1,17.7,96,12.3,1
18,71,995.5,28.4,62,19.6,1
29,83,1022.8,13.4,24,12.2,1
25,90,1007.8,29.0,96,12.7,1
28,51,1024.0,27.4,76,11.1,1
36,93,1023.9,8.3,65,1.8,1
34,83,1020.6,4.9,43,14.5,1
25,36,1003.8,5.7,5,10.9,1
20,36,1006.6,3.5,7,9.0,1
20,62,1020.5,5.5,81,18.2,1
18,88,1004.5,21.4,96,6.0,1
22,57,1000.1,4.9,66,10.5,1
27,71,1011.7,11.6,67,14.0,1
24,66,1023.1,25.8,29,15.9,0
26,67,1015.9,3.6,60,9.2,0
24,35,1012.1,25.0,37,16.8,0
26,53,997.9,10.6,42,15.4,1
25,36,1013.5,6.2,10,1.3,0
29,87,1024.7,21.8,62,0.9,1
19,78,999.2,20.0,48,12.4,1
18,60,1010.5,26.7,49,6.9,0
33,66,1021.3,22.8,36,4.2,0
22,40,1017.2,24.7,49,11.6,0
20,66,1015.9,10.6,65,6.8,1
29,89,1016.1,7.8,51,10.7,1
25,38,1005.8,23.3,25,9.2,1
20,89,1003.8,24.8,84,11.7,1
18,45,1019.3,29.7,89,8.0,1
20,90,1019.3,14.1,79,14.0,1
22,93,1021.0,13.0,40,3.6,0
32,51,1022.4,24.0,23,13.9,0
31,72,1010.3,12.2,24,8.2,1
20,58,1010.0,28.1,61,17.5,1
18,39,1018.9,26.2,22,10.3,0
22,86,1014.5,14.6,51,19.5,1
31,68,1016.1,23.3,53,12.0,0
24,40,1018.9,23.4,18,4.5,0
26,56,1021.7,5.8,19,16.4,0
32,45,1005.1,27.4,35,6.9,1
32,82,1006.3,16.6,5,7.0,1
27,50,997.8,25.3,58,0.6,0
30,67,1012.3,11.6,7,11.0,0
36,43,996.1,27.2,20,10.7,1
