Record_ID,City,Month,Temperature_C,Humidity_pct,Pressure_hPa,Wind_Speed_kmph,Cloud_Cover_pct,Visibility_km,Rainfall_mm,Weather_Condition,Rain_Tomorrow
1,Mumbai,1,33.2,56,998.9,22.4,86,11.5,0,Cloudy,1
2,Mumbai,4,15.9,28,1012.4,21.8,89,8.9,1.1,Cloudy,1
3,Ahmedabad,5,35.5,25,1020.4,5.6,54,6.1,7.5,Partly Cloudy,0
4,Mumbai,7,11.3,69,1014.1,24.4,93,7.7,13.4,Rainy,0
5,Lucknow,2,26.8,71,1013.1,21.4,5,10.4,2.6,Sunny,0
6,Mumbai,7,17.5,71,996.5,11.3,85,5.1,0,Cloudy,0
7,Mumbai,10,29.6,93,1019.2,5.7,48,5.1,7.3,Partly Cloudy,1
8,Hyderabad,1,15.8,29,1022.2,12.6,8,4.3,0,Sunny,0
9,Hyderabad,4,30.3,75,1025.4,19.6,18,5.1,0.6,Sunny,1
10,Ahmedabad,7,38.5,76,1004.5,29.9,17,8.4,6.9,Sunny,1
11,Delhi,2,13.2,45,1021.7,13.2,8,6.7,0,Sunny,0
12,Pune,1,31.1,39,1017.3,16.6,34,11.9,0,Sunny,0
13,Kolkata,7,13.4,25,1028.2,26.4,33,14.6,0.9,Sunny,1
14,Kolkata,11,25.3,50,996.1,23.1,69,14.4,0,Partly Cloudy,0
15,Delhi,10,19.0,27,994.5,11.5,39,4.7,0.9,Partly Cloudy,1
16,Jaipur,2,41.3,93,1020.6,4.7,60,14.3,9.5,Partly Cloudy,1
17,Pune,10,22.4,52,1027.2,22.9,88,4.2,0,Cloudy,0
18,Jaipur,9,23.4,56,999.0,10.8,75,9.0,18.1,Rainy,1
19,Delhi,4,10.3,29,1024.4,3.1,30,5.3,0,Sunny,0
20,Ahmedabad,10,24.1,85,1022.3,6.5,12,10.4,1.1,Sunny,1
21,Lucknow,8,37.4,31,1016.9,29.5,12,2.3,0,Sunny,1
22,Chennai,4,26.2,42,1006.9,9.1,31,13.3,0,Sunny,1
23,Pune,2,9.7,94,1023.4,29.1,96,13.0,5.9,Cloudy,1
24,Lucknow,1,13.6,25,1029.4,8.7,100,12.1,8.0,Cloudy,1
25,Pune,11,32.4,44,997.6,7.3,7,9.3,0,Sunny,1
26,Ahmedabad,8,25.1,92,996.3,28.9,10,13.0,0,Sunny,1
27,Mumbai,11,37.3,76,994.8,26.8,31,9.3,2.5,Sunny,0
28,Ahmedabad,9,18.8,58,998.2,21.8,30,5.1,1.0,Sunny,1
29,Kolkata,8,18.8,34,990.4,19.0,72,14.9,6.1,Cloudy,1
30,Hyderabad,2,37.9,72,1001.4,13.7,69,11.0,4.5,Partly Cloudy,0
31,Pune,1,30.7,95,1002.0,20.2,17,5.1,6.8,Sunny,1
32,Kolkata,10,15.2,68,998.1,19.4,33,8.3,0,Sunny,1
33,Delhi,2,29.6,60,991.8,10.7,16,10.1,0,Sunny,0
34,Lucknow,9,8.3,34,1027.8,21.0,19,8.9,8.7,Sunny,0
35,Ahmedabad,9,13.0,41,991.7,11.6,5,13.6,1.4,Sunny,1
36,Pune,7,41.1,44,1027.0,7.9,20,14.7,4.2,Sunny,0
37,Lucknow,1,14.1,67,1021.3,12.9,85,13.2,4.5,Cloudy,0
38,Mumbai,7,37.7,85,998.9,24.7,58,6.2,0,Partly Cloudy,0
39,Chennai,4,8.8,49,1005.9,9.1,8,14.6,0,Sunny,0
40,Pune,6,39.9,39,1025.1,8.6,74,14.5,10.0,Cloudy,1
41,Mumbai,10,22.8,65,1007.5,29.5,14,6.7,0,Sunny,0
42,Delhi,9,39.5,93,1017.5,28.3,94,10.6,1.2,Cloudy,1
43,Mumbai,11,39.3,65,1016.5,4.6,38,8.3,0,Partly Cloudy,0
44,Pune,3,14.5,73,1017.1,27.2,78,9.2,0,Cloudy,1
45,Delhi,5,17.8,80,1021.4,18.6,41,7.8,0,Partly Cloudy,0
46,Bengaluru,11,10.9,90,1016.6,19.0,11,12.5,1.7,Sunny,0
47,Kolkata,4,35.4,43,991.0,8.1,60,9.8,3.6,Partly Cloudy,0
48,Ahmedabad,4,32.4,74,1009.8,8.1,83,10.8,0,Cloudy,0
49,Mumbai,7,15.4,91,1008.6,17.2,15,7.7,2.9,Sunny,0
50,Ahmedabad,6,40.3,81,1014.5,21.9,64,7.3,0,Partly Cloudy,0
51,Jaipur,3,33.3,85,1008.0,22.8,81,5.2,4.0,Cloudy,1
52,Jaipur,2,32.3,55,1000.9,10.3,69,2.6,0,Partly Cloudy,1
53,Lucknow,12,13.2,52,992.6,12.8,69,7.8,11.7,Partly Cloudy,1
54,Ahmedabad,12,8.7,98,1005.2,1.2,45,5.5,4.1,Partly Cloudy,1
55,Lucknow,9,33.4,94,1022.0,27.0,62,4.5,1.9,Foggy,1
56,Lucknow,12,13.6,84,1026.8,29.4,68,1.9,3.5,Partly Cloudy,1
57,Ahmedabad,11,8.9,79,995.4,14.4,6,5.0,0,Sunny,1
58,Lucknow,5,33.6,78,1000.1,3.4,2,11.6,5.4,Sunny,1
59,Hyderabad,4,30.1,30,1020.2,28.5,25,12.8,0,Sunny,0
60,Mumbai,10,40.2,84,1018.0,23.2,21,9.7,0,Sunny,0
61,Mumbai,3,40.8,38,1013.1,27.9,73,10.6,7.9,Cloudy,0
62,Mumbai,10,31.5,56,994.1,23.4,87,9.6,1.7,Cloudy,1
63,Ahmedabad,1,19.8,79,1016.5,3.0,82,6.1,8.4,Cloudy,1
64,Hyderabad,11,38.3,83,1018.3,13.6,93,8.5,0,Cloudy,0
65,Ahmedabad,9,34.3,84,1007.4,22.2,34,5.9,0.8,Sunny,1
66,Jaipur,4,33.5,97,1014.4,12.0,3,8.2,12.2,Stormy,1
67,Chennai,6,35.1,68,1001.2,18.3,35,9.0,0,Sunny,1
68,Lucknow,8,26.9,55,1017.6,19.7,62,7.6,2.7,Partly Cloudy,1
69,Kolkata,4,21.7,56,1002.2,17.9,60,9.0,0,Partly Cloudy,0
70,Hyderabad,12,23.4,64,1000.1,4.5,24,5.8,14.5,Rainy,1
71,Jaipur,5,32.6,92,1013.9,29.4,24,5.5,0,Sunny,0
72,Bengaluru,5,9.5,31,1012.1,21.2,16,10.1,3.8,Sunny,0
73,Mumbai,1,27.5,85,1009.1,10.9,6,4.9,2.1,Sunny,1
74,Jaipur,2,27.6,31,996.1,24.5,38,2.6,0,Partly Cloudy,1
75,Pune,7,28.6,53,1021.0,12.0,56,5.5,0,Partly Cloudy,0
76,Delhi,10,40.6,37,1027.9,7.0,27,5.1,0,Sunny,1
77,Chennai,3,26.8,45,990.1,14.1,76,7.8,7.0,Cloudy,1
78,Jaipur,2,31.4,58,1021.5,19.1,84,12.4,3.8,Cloudy,1
79,Mumbai,9,15.6,44,1026.3,25.0,9,2.3,2.3,Sunny,0
80,Kolkata,8,12.2,63,1018.0,28.3,64,8.8,0,Partly Cloudy,0
81,Ahmedabad,1,38.2,66,1014.1,1.8,29,14.5,3.9,Sunny,0
82,Kolkata,10,9.4,47,1008.8,19.9,35,4.0,0,Sunny,0
83,Jaipur,2,24.0,77,1003.3,20.4,20,6.0,0,Sunny,0
84,Pune,1,23.5,65,1000.1,4.4,98,7.0,0,Cloudy,1
85,Delhi,11,37.6,84,1006.5,6.4,46,9.9,0,Partly Cloudy,1
86,Kolkata,9,12.5,61,1007.5,21.2,15,1.9,0.6,Sunny,0
87,Chennai,12,13.4,95,990.5,12.8,28,14.9,5.3,Sunny,1
88,Bengaluru,8,39.7,62,1010.4,8.9,61,14.7,0.1,Partly Cloudy,1
89,Pune,3,21.0,90,1019.9,5.0,8,5.2,1.8,Sunny,0
90,Pune,5,35.9,61,1019.0,25.3,74,15.0,0,Cloudy,0
91,Bengaluru,8,26.3,69,1003.3,23.1,48,7.6,0,Partly Cloudy,0
92,Ahmedabad,7,15.9,77,991.7,22.6,90,13.8,5.9,Cloudy,1
93,Bengaluru,8,40.8,41,1010.1,18.1,12,13.3,0,Sunny,0
94,Bengaluru,7,37.6,44,993.0,23.7,33,6.1,2.7,Sunny,0
95,Mumbai,6,37.0,93,1005.2,10.2,91,13.5,0,Cloudy,0
96,Chennai,11,31.3,61,1029.9,22.7,55,14.7,1.0,Partly Cloudy,0
97,Mumbai,8,13.7,63,1026.1,2.3,7,5.5,0,Sunny,0
98,Ahmedabad,11,34.9,46,997.0,18.7,48,9.9,2.5,Partly Cloudy,1
99,Ahmedabad,3,15.9,57,1008.4,20.3,59,13.7,1.7,Partly Cloudy,0
100,Hyderabad,10,18.2,79,1017.6,14.2,38,4.2,0,Partly Cloudy,1
101,Jaipur,2,16.1,98,1004.4,9.6,89,5.5,10.3,Cloudy,1
102,Ahmedabad,11,34.5,31,1026.4,22.6,36,12.0,0,Partly Cloudy,0
103,Hyderabad,4,29.6,57,1017.1,21.9,84,10.7,4.5,Cloudy,0
104,Delhi,5,34.8,29,1013.2,22.2,11,13.8,2.2,Sunny,0
105,Lucknow,3,14.8,94,1025.1,11.6,64,13.8,4.9,Partly Cloudy,0
106,Jaipur,5,33.4,68,1022.2,14.6,9,3.4,0,Sunny,0
107,Lucknow,9,20.4,75,990.6,16.6,58,6.5,3.0,Partly Cloudy,1
108,Hyderabad,2,30.9,85,991.0,26.6,71,5.9,0,Cloudy,0
109,Mumbai,11,36.0,63,1016.0,4.4,5,14.3,0,Sunny,1
110,Pune,3,21.2,72,1016.8,22.6,69,7.2,8.5,Partly Cloudy,0
111,Bengaluru,7,30.3,87,1014.6,28.2,35,1.9,0,Foggy,0
112,Hyderabad,2,41.4,72,1011.8,29.4,45,2.3,4.4,Partly Cloudy,1
113,Mumbai,8,11.1,52,1015.7,18.3,2,2.2,0,Sunny,0
114,Chennai,2,36.2,95,998.3,7.3,29,5.9,13.5,Rainy,0
115,Ahmedabad,1,17.4,43,1029.5,16.7,22,3.0,2.3,Sunny,0
116,Chennai,10,19.0,47,1000.6,4.7,53,8.6,0,Partly Cloudy,0
117,Jaipur,8,34.5,90,1013.7,14.1,28,14.3,8.9,Sunny,0
118,Pune,5,23.6,28,992.4,14.9,51,7.3,2.9,Partly Cloudy,1
119,Jaipur,2,38.6,66,1014.3,2.9,35,9.9,0,Sunny,0
120,Ahmedabad,9,18.0,89,1014.2,3.9,89,3.0,0,Foggy,0
121,Pune,12,37.4,80,1008.1,7.6,43,12.7,0,Partly Cloudy,1
122,Hyderabad,11,16.7,44,1017.5,14.8,11,12.7,5.3,Sunny,1
123,Mumbai,12,33.1,41,1012.3,18.0,71,9.1,0.5,Cloudy,0
124,Lucknow,12,9.7,61,1014.0,11.2,73,8.4,0,Cloudy,1
125,Jaipur,4,36.8,69,1023.8,11.7,97,5.3,3.8,Cloudy,1
126,Ahmedabad,10,30.9,96,991.1,27.9,88,5.1,8.2,Cloudy,1
127,Kolkata,6,19.9,48,1024.8,17.4,51,2.4,0,Partly Cloudy,1
128,Pune,4,20.8,83,1003.6,11.7,92,5.9,0,Cloudy,0
129,Ahmedabad,2,38.0,44,996.3,18.9,86,2.6,0,Cloudy,0
130,Lucknow,5,15.3,90,994.6,13.5,36,10.7,2.3,Partly Cloudy,0
131,Pune,11,18.5,53,1005.8,18.4,0,4.3,8.5,Sunny,0
132,Kolkata,6,12.1,88,1019.9,6.1,48,8.7,0,Partly Cloudy,1
133,Pune,11,35.4,34,1005.9,22.5,55,1.8,9.3,Partly Cloudy,0
134,Ahmedabad,7,32.1,78,1001.6,12.7,41,3.8,0,Partly Cloudy,0
135,Jaipur,12,39.3,36,1007.5,4.1,55,9.4,0,Partly Cloudy,0
136,Hyderabad,4,19.3,46,993.1,19.4,67,8.4,2.2,Partly Cloudy,0
137,Hyderabad,6,32.7,43,999.5,5.2,25,3.8,5.3,Sunny,1
138,Jaipur,8,33.7,82,1017.2,26.6,82,10.1,9.9,Cloudy,1
139,Hyderabad,3,23.0,85,1007.7,9.8,35,9.5,0,Sunny,0
140,Delhi,1,20.5,61,993.1,26.1,11,9.8,2.1,Sunny,0
141,Jaipur,10,26.8,30,1008.0,24.5,83,4.0,0,Cloudy,0
142,Jaipur,2,35.6,68,1029.3,3.4,82,3.8,0,Cloudy,1
143,Jaipur,8,25.8,45,1004.6,27.6,49,7.0,0,Partly Cloudy,0
144,Hyderabad,2,19.2,96,1017.1,9.2,92,13.0,8.7,Cloudy,0
145,Ahmedabad,3,19.3,43,1026.7,10.0,83,10.9,0,Cloudy,0
146,Kolkata,9,20.8,67,1022.5,20.4,94,15.0,7.2,Cloudy,0
147,Mumbai,11,30.8,90,1004.5,11.5,23,14.3,0,Sunny,1
148,Bengaluru,3,10.6,37,1010.3,16.7,94,13.4,10.1,Cloudy,1
149,Hyderabad,10,12.5,73,996.2,6.2,88,11.9,4.1,Cloudy,1
150,Lucknow,6,31.0,55,1028.8,18.7,96,11.6,0.2,Cloudy,1
151,Pune,4,18.5,85,1026.2,6.6,86,14.3,8.5,Cloudy,1
152,Lucknow,9,25.9,45,1022.7,24.2,17,13.3,0,Sunny,1
153,Jaipur,6,26.9,38,1018.5,16.0,15,5.3,0.8,Sunny,0
154,Bengaluru,7,11.1,53,1022.7,26.7,3,7.1,0,Sunny,0
155,Hyderabad,4,21.1,35,1005.0,1.8,12,12.8,0,Sunny,1
156,Kolkata,8,31.7,42,1020.4,14.6,78,1.6,0,Cloudy,1
157,Kolkata,4,36.4,95,1027.6,18.7,54,3.0,0,Foggy,1
158,Lucknow,11,35.0,83,992.5,25.3,63,9.6,7.1,Partly Cloudy,1
159,Pune,10,16.2,43,1001.7,1.0,45,4.7,0,Partly Cloudy,1
160,Hyderabad,2,40.4,94,1010.3,29.7,70,1.8,6.7,Foggy,0
161,Delhi,11,21.2,72,1000.1,1.5,100,2.4,3.4,Cloudy,1
162,Ahmedabad,12,33.7,42,991.8,16.8,82,3.9,10.3,Cloudy,0
163,Jaipur,12,24.3,48,1022.5,2.8,99,14.2,6.3,Cloudy,0
164,Delhi,6,39.7,90,1005.9,24.6,60,4.9,3.8,Foggy,0
165,Chennai,5,20.1,31,1024.6,10.6,15,12.3,0,Sunny,0
166,Lucknow,6,41.1,88,1017.7,11.7,66,5.1,5.0,Partly Cloudy,1
167,Lucknow,2,22.6,48,1011.8,10.3,10,5.9,0,Sunny,0
168,Bengaluru,12,23.1,82,991.7,26.2,45,9.8,5.7,Partly Cloudy,1
169,Delhi,2,30.8,76,1004.5,24.2,86,3.7,12.5,Stormy,1
170,Mumbai,4,34.5,71,1004.5,28.5,4,9.7,2.4,Sunny,0
171,Hyderabad,6,23.1,34,1013.0,16.4,50,5.7,0,Partly Cloudy,1
172,Bengaluru,8,25.6,96,994.7,23.5,90,7.5,15.5,Stormy,1
173,Jaipur,4,12.2,34,1008.1,27.1,56,15.0,7.9,Partly Cloudy,0
174,Hyderabad,12,10.2,94,1001.6,9.7,20,11.1,0,Sunny,0
175,Bengaluru,6,25.3,40,1029.4,24.0,30,12.2,6.8,Sunny,0
176,Pune,3,28.8,36,992.6,12.5,91,11.2,4.0,Cloudy,0
177,Lucknow,10,10.5,65,1015.7,14.0,87,8.5,9.5,Cloudy,1
178,Ahmedabad,3,34.1,41,1007.3,27.4,7,12.7,7.3,Sunny,0
179,Kolkata,3,13.5,53,1003.8,28.3,36,12.9,0.5,Partly Cloudy,0
180,Bengaluru,11,18.3,93,993.7,19.6,75,14.2,10.1,Cloudy,1
181,Ahmedabad,12,38.7,68,1023.7,17.3,3,2.6,8.6,Sunny,1
182,Chennai,10,22.2,28,1009.9,19.2,37,10.2,0,Partly Cloudy,0
183,Chennai,11,21.8,83,992.9,2.7,56,7.1,0,Partly Cloudy,1
184,Hyderabad,12,41.6,69,1029.0,4.8,47,8.5,1.5,Partly Cloudy,1
185,Chennai,8,12.2,82,999.9,3.8,37,14.3,3.9,Partly Cloudy,0
186,Bengaluru,6,39.7,65,997.6,5.6,65,7.8,0,Partly Cloudy,0
187,Jaipur,1,11.1,75,1010.2,29.0,27,9.4,4.4,Sunny,0
188,Jaipur,5,26.2,38,1007.2,26.6,93,6.4,4.2,Cloudy,1
189,Delhi,7,9.7,96,997.8,17.0,9,6.7,0,Sunny,0
190,Ahmedabad,11,28.8,41,1029.0,12.4,43,9.0,2.4,Partly Cloudy,0
191,Bengaluru,4,28.5,76,1010.0,2.3,17,11.1,2.5,Sunny,1
192,Pune,3,19.2,65,996.5,29.7,94,12.9,0,Cloudy,0
193,Pune,9,26.1,97,1002.0,24.7,47,6.0,4.5,Partly Cloudy,1
194,Delhi,10,24.1,98,999.1,2.5,61,3.8,6.3,Foggy,1
195,Ahmedabad,7,13.0,56,991.3,28.5,14,4.1,0,Sunny,0
196,Chennai,7,25.1,85,1024.9,22.3,7,11.0,2.4,Sunny,0
197,Pune,6,41.9,86,1011.0,10.1,22,7.7,0,Sunny,0
198,Kolkata,10,24.5,56,1001.2,9.7,38,11.9,0,Partly Cloudy,0
199,Jaipur,6,24.3,96,1027.3,24.1,35,5.4,0,Sunny,0
200,Lucknow,6,40.5,43,1001.6,9.3,91,2.6,0.2,Cloudy,0
201,Kolkata,12,24.3,50,1023.1,8.9,71,10.9,7.5,Cloudy,0
202,Chennai,1,30.8,92,999.0,7.8,12,7.1,5.8,Sunny,0
203,Mumbai,11,34.2,25,1028.6,29.4,20,7.0,9.9,Sunny,0
204,Chennai,5,18.9,32,1026.3,3.6,73,4.6,0,Cloudy,0
205,Delhi,3,22.2,47,1027.4,2.1,50,12.1,3.7,Partly Cloudy,0
206,Kolkata,1,8.3,97,1014.1,27.9,42,5.3,8.2,Partly Cloudy,0
207,Pune,9,24.8,42,1024.0,14.6,24,12.4,0,Sunny,0
208,Bengaluru,1,33.0,62,1012.7,23.0,22,9.7,7.6,Sunny,0
209,Lucknow,7,25.5,36,1006.0,3.8,17,7.9,1.0,Sunny,0
210,Jaipur,5,40.4,63,1013.3,17.6,33,10.3,0.3,Sunny,0
211,Delhi,11,12.0,64,996.4,20.9,90,11.9,0.4,Cloudy,0
212,Hyderabad,10,15.5,42,1009.1,14.2,77,6.5,0,Cloudy,0
213,Jaipur,9,35.3,52,1020.5,20.7,76,13.3,7.7,Cloudy,0
214,Mumbai,10,11.8,95,1026.1,6.9,68,3.5,5.7,Foggy,1
215,Pune,8,12.0,51,1018.7,15.2,65,7.5,5.5,Partly Cloudy,1
216,Ahmedabad,1,27.0,64,1018.9,12.5,0,11.6,1.4,Sunny,0
217,Delhi,7,19.7,33,1011.6,2.7,8,14.8,0,Sunny,0
218,Bengaluru,11,41.3,78,1005.0,26.8,57,13.2,3.7,Partly Cloudy,0
219,Lucknow,2,31.2,94,995.3,25.9,15,3.9,0,Foggy,0
220,Chennai,1,33.7,63,1008.5,21.9,54,8.7,0,Partly Cloudy,0
221,Chennai,8,19.8,60,997.5,26.4,97,3.0,4.9,Cloudy,0
222,Delhi,4,15.0,37,1013.8,13.9,86,11.0,0,Cloudy,1
223,Delhi,7,22.9,94,998.7,26.0,7,3.4,4.1,Foggy,0
224,Ahmedabad,6,27.6,66,999.5,26.4,84,8.5,2.9,Cloudy,1
225,Kolkata,1,26.9,47,1015.0,13.4,63,2.1,0,Partly Cloudy,1
226,Pune,6,31.7,77,996.0,11.9,96,8.8,9.0,Cloudy,1
227,Chennai,5,37.2,43,1022.2,27.5,71,7.1,0,Cloudy,0
228,Kolkata,4,19.2,35,1026.9,25.6,11,8.7,3.6,Sunny,0
229,Delhi,5,20.8,30,1024.9,6.5,97,9.4,1.3,Cloudy,1
230,Hyderabad,5,40.5,26,998.5,6.5,94,3.1,0,Cloudy,0
231,Jaipur,4,31.7,51,1005.9,7.9,41,12.0,0,Partly Cloudy,0
232,Kolkata,6,25.4,88,1008.6,24.3,92,7.8,7.2,Cloudy,0
233,Chennai,6,18.6,30,1012.5,7.4,18,1.7,0,Sunny,0
234,Kolkata,3,14.7,54,1005.2,25.2,63,8.9,0.8,Partly Cloudy,0
235,Hyderabad,5,34.0,87,1028.7,19.6,62,7.7,2.5,Partly Cloudy,1
236,Pune,8,14.3,94,1029.6,28.8,67,2.0,0,Foggy,0
237,Delhi,1,22.0,54,992.7,5.4,27,8.3,0,Sunny,0
238,Ahmedabad,8,30.4,27,990.3,17.0,1,1.7,5.5,Sunny,0
239,Pune,5,8.6,80,1022.2,27.4,13,13.9,0,Sunny,0
240,Kolkata,6,17.1,75,993.2,28.8,58,9.1,2.4,Partly Cloudy,0
241,Chennai,5,31.3,35,1016.1,25.9,97,1.9,0,Cloudy,0
242,Delhi,12,13.8,88,1023.8,19.7,42,9.1,3.2,Partly Cloudy,0
243,Mumbai,9,39.3,54,998.5,26.2,72,7.9,4.9,Cloudy,0
244,Pune,10,30.4,47,1027.2,10.1,26,9.4,1.1,Sunny,0
245,Lucknow,2,18.2,97,999.6,25.2,49,10.6,0,Partly Cloudy,0
246,Mumbai,9,33.3,69,992.1,13.7,9,6.1,0,Sunny,0
247,Ahmedabad,7,40.9,66,991.2,8.9,57,8.1,0,Partly Cloudy,1
248,Ahmedabad,11,20.9,62,1021.9,21.7,10,5.1,9.9,Sunny,1
249,Bengaluru,12,21.2,71,994.3,1.2,39,7.5,0.7,Partly Cloudy,1
250,Lucknow,8,26.9,90,1006.3,1.8,45,9.0,0,Partly Cloudy,0
251,Hyderabad,7,8.4,77,1005.5,3.5,71,13.7,9.5,Cloudy,1
252,Lucknow,3,12.7,63,1000.7,5.2,21,7.4,0,Sunny,0
253,Jaipur,2,20.3,56,1018.8,15.4,78,4.1,6.3,Cloudy,0
254,Hyderabad,10,20.9,67,1007.6,13.5,83,14.7,5.7,Cloudy,1
255,Hyderabad,10,40.2,50,1009.2,6.2,50,14.6,0,Partly Cloudy,0
256,Ahmedabad,4,19.1,60,1022.7,12.4,14,14.1,7.9,Sunny,1
257,Pune,3,31.2,95,991.1,22.1,90,4.3,5.8,Foggy,1
258,Lucknow,11,25.0,63,999.7,20.1,91,7.2,0,Cloudy,1
259,Jaipur,10,24.3,76,1011.4,27.8,88,7.1,15.8,Rainy,1
260,Chennai,11,30.6,46,1015.9,2.3,82,10.6,6.0,Cloudy,1
261,Hyderabad,7,11.6,37,1000.3,15.8,66,9.0,1.7,Partly Cloudy,0
262,Jaipur,11,28.0,89,996.0,29.9,61,2.9,0,Foggy,1
263,Mumbai,2,36.3,43,1003.9,10.9,100,4.3,0,Cloudy,1
264,Jaipur,6,10.3,30,1022.4,4.3,43,10.2,1.1,Partly Cloudy,0
265,Bengaluru,12,16.3,47,1012.1,10.6,54,14.4,1.1,Partly Cloudy,1
266,Lucknow,7,9.0,50,1008.0,13.5,0,11.0,5.6,Sunny,1
267,Mumbai,10,11.5,93,997.5,10.5,58,3.0,0.2,Foggy,0
268,Hyderabad,10,21.2,75,1013.5,11.1,58,9.8,0,Partly Cloudy,0
269,Kolkata,10,28.1,42,1002.5,7.9,14,4.0,0,Sunny,0
270,Bengaluru,10,21.0,48,1009.5,16.6,82,14.1,0,Cloudy,1
271,Bengaluru,8,17.8,48,1002.6,14.1,6,13.2,6.0,Sunny,1
272,Lucknow,9,25.2,88,1006.4,15.3,90,12.8,1.3,Cloudy,1
273,Mumbai,10,9.0,53,1001.7,9.0,68,5.4,4.2,Partly Cloudy,0
274,Jaipur,9,25.4,98,994.6,23.5,46,8.8,0,Partly Cloudy,0
275,Jaipur,9,15.4,79,994.1,25.1,96,4.8,3.9,Cloudy,1
276,Mumbai,8,37.4,40,1021.0,7.9,94,9.4,2.1,Cloudy,1
277,Ahmedabad,11,22.6,42,1021.4,24.6,7,9.2,0,Sunny,1
278,Kolkata,5,27.5,90,1029.4,20.7,12,3.3,0,Foggy,0
279,Lucknow,1,41.7,41,1018.1,4.8,18,11.1,4.5,Sunny,0
280,Jaipur,3,27.6,59,1015.1,11.9,9,10.1,0,Sunny,0
281,Mumbai,7,25.5,60,1017.8,26.4,58,14.3,2.8,Partly Cloudy,0
282,Mumbai,12,41.1,70,1024.0,24.1,50,4.4,0.8,Partly Cloudy,1
283,Chennai,8,17.1,61,1003.5,17.8,72,13.0,5.5,Cloudy,0
284,Delhi,2,29.3,83,990.7,28.0,20,7.5,0,Sunny,1
285,Lucknow,4,41.9,41,1025.3,9.8,35,2.8,0,Sunny,0
286,Bengaluru,1,21.5,64,1019.0,22.9,54,10.3,2.1,Partly Cloudy,0
287,Delhi,4,24.2,41,1013.7,16.1,56,1.6,0,Partly Cloudy,0
288,Lucknow,12,12.5,34,999.2,3.6,13,2.9,0,Sunny,0
289,Kolkata,3,21.0,42,1015.7,20.6,8,8.7,7.7,Sunny,0
290,Chennai,11,33.4,77,1014.6,13.8,27,2.7,0.9,Sunny,1
291,Mumbai,10,32.8,69,1028.5,10.1,17,4.8,0,Sunny,0
292,Ahmedabad,5,34.5,28,1023.9,20.1,38,4.3,0,Partly Cloudy,0
293,Chennai,12,21.3,31,1021.4,24.0,30,8.2,5.0,Sunny,0
294,Pune,1,41.6,65,995.3,26.0,72,7.2,6.8,Cloudy,0
295,Bengaluru,8,40.5,34,990.7,3.0,33,4.4,11.3,Sunny,0
296,Kolkata,11,32.2,78,1006.9,12.7,81,8.7,0,Cloudy,0
297,Kolkata,2,18.5,90,1026.8,29.3,19,8.7,0,Sunny,0
298,Mumbai,5,31.8,55,992.3,3.5,55,3.1,5.0,Partly Cloudy,0
299,Delhi,5,30.6,47,994.8,21.5,89,1.7,0,Cloudy,0
300,Kolkata,3,20.6,59,1019.3,4.4,3,6.0,0.6,Sunny,0
301,Pune,2,16.9,98,1015.1,15.4,65,6.4,0,Partly Cloudy,1
302,Kolkata,2,38.4,39,999.1,15.8,5,13.1,0.5,Sunny,1
303,Delhi,8,20.4,44,997.2,28.8,4,9.0,7.5,Sunny,0
304,Hyderabad,4,22.2,65,1000.9,3.3,47,3.1,0,Partly Cloudy,0
305,Delhi,3,15.6,91,1029.3,28.7,8,13.3,6.2,Sunny,1
306,Mumbai,9,23.5,72,998.0,17.4,38,11.5,0,Partly Cloudy,1
307,Hyderabad,10,41.0,50,1019.3,16.9,31,3.5,1.5,Sunny,0
308,Delhi,6,8.0,73,1024.0,22.1,13,4.3,0.0,Sunny,0
309,Lucknow,8,40.7,43,1018.5,3.7,29,13.6,0,Sunny,0
310,Mumbai,10,11.2,42,1015.5,12.4,75,9.2,2.0,Cloudy,0
311,Bengaluru,4,17.9,65,1027.0,12.4,94,5.9,0,Cloudy,0
312,Bengaluru,10,11.7,38,996.6,14.5,52,3.1,1.6,Partly Cloudy,0
313,Chennai,8,18.5,58,1024.1,3.6,87,5.6,1.1,Cloudy,1
314,Hyderabad,3,11.1,56,1028.7,12.5,6,10.6,0,Sunny,0
315,Bengaluru,1,40.4,82,1012.2,17.0,12,7.7,1.4,Sunny,1
316,Chennai,3,14.7,76,1004.9,19.3,82,2.6,0.4,Cloudy,0
317,Mumbai,1,41.9,50,1026.1,13.9,16,2.7,5.7,Sunny,1
318,Jaipur,1,13.7,98,1007.3,22.0,63,1.9,0,Foggy,0
319,Bengaluru,6,15.3,48,1001.0,13.9,19,2.0,0,Sunny,1
320,Lucknow,9,24.3,36,1001.2,5.0,25,10.2,0,Sunny,0
321,Chennai,11,41.8,94,1021.8,29.7,100,11.1,0,Cloudy,1
322,Ahmedabad,9,18.9,59,997.2,10.2,28,1.9,1.6,Sunny,0
323,Kolkata,1,35.5,85,1011.2,23.2,29,14.6,6.4,Sunny,1
324,Delhi,4,27.6,74,1004.2,25.3,22,3.9,4.8,Sunny,0
325,Hyderabad,10,9.0,70,1027.9,17.3,72,14.3,7.7,Cloudy,0
326,Pune,5,14.0,29,993.6,7.7,28,1.8,0,Sunny,0
327,Hyderabad,10,14.8,41,1003.6,6.1,41,2.3,5.2,Partly Cloudy,1
328,Mumbai,9,37.3,34,1004.9,28.3,50,9.4,6.8,Partly Cloudy,0
329,Hyderabad,3,41.2,80,1021.7,28.9,83,5.8,1.3,Cloudy,0
330,Ahmedabad,6,15.6,47,1005.1,22.3,37,3.2,0,Partly Cloudy,0
331,Ahmedabad,7,36.9,97,991.3,18.5,78,4.5,0,Foggy,1
332,Mumbai,4,19.8,65,996.7,26.7,11,12.6,0,Sunny,0
333,Hyderabad,8,8.4,51,1000.0,3.0,32,12.1,0.2,Sunny,0
334,Lucknow,3,38.1,88,1025.3,11.2,48,2.9,0,Foggy,1
335,Ahmedabad,11,33.8,53,996.5,3.1,4,5.5,0,Sunny,1
336,Bengaluru,7,13.5,34,1011.9,27.0,11,6.1,11.7,Sunny,0
337,Jaipur,12,9.1,46,1014.3,13.6,6,2.9,1.4,Sunny,0
338,Pune,5,30.5,63,999.5,2.4,73,8.9,6.1,Cloudy,1
339,Delhi,6,8.1,36,1001.8,20.2,76,8.0,5.8,Cloudy,0
340,Mumbai,8,36.7,64,1021.4,14.7,84,5.1,4.9,Cloudy,0
341,Lucknow,3,20.6,73,1004.8,13.9,33,7.4,0,Sunny,0
342,Bengaluru,12,30.7,35,1016.7,24.4,52,14.6,10.0,Partly Cloudy,0
343,Pune,1,36.6,91,1006.7,16.5,60,9.2,3.4,Partly Cloudy,1
344,Delhi,9,27.4,91,1022.0,20.6,79,3.5,7.2,Foggy,0
345,Jaipur,3,40.3,46,1028.9,24.4,16,2.1,7.2,Sunny,1
346,Bengaluru,10,16.8,33,993.5,17.1,70,5.9,6.6,Partly Cloudy,1
347,Jaipur,1,34.7,91,1021.3,4.3,19,3.5,0,Foggy,0
348,Mumbai,10,34.5,61,1024.7,26.5,52,5.1,0,Partly Cloudy,0
349,Ahmedabad,10,24.1,47,1001.0,5.2,77,10.7,0,Cloudy,0
350,Chennai,1,33.4,59,1025.9,1.6,38,5.7,3.4,Partly Cloudy,0
351,Mumbai,4,12.6,81,1021.0,10.3,93,7.1,1.0,Cloudy,1
352,Lucknow,12,24.5,91,1024.7,24.8,65,12.2,0.4,Partly Cloudy,1
353,Pune,7,12.6,92,1025.2,1.8,24,13.3,1.0,Sunny,1
354,Delhi,6,32.0,60,1004.7,14.5,50,10.1,2.1,Partly Cloudy,1
355,Delhi,4,20.7,82,997.1,26.2,75,8.9,0,Cloudy,1
356,Mumbai,5,8.9,31,996.5,17.6,27,13.1,8.4,Sunny,0
357,Chennai,5,30.2,90,990.8,23.6,98,10.7,0.4,Cloudy,1
358,Delhi,4,16.6,64,1018.5,21.6,35,7.2,0.9,Sunny,1
359,Hyderabad,8,16.6,84,1002.1,16.1,79,6.9,7.8,Cloudy,0
360,Hyderabad,9,30.0,61,1001.9,4.1,8,6.0,4.1,Sunny,1
361,Hyderabad,5,16.9,63,997.5,16.0,30,13.6,3.6,Sunny,0
362,Hyderabad,11,12.8,28,1016.2,29.9,33,13.7,0,Sunny,0
363,Delhi,10,32.1,98,1022.6,11.0,91,4.5,0,Foggy,0
364,Hyderabad,9,18.2,46,1023.6,26.4,23,5.5,0,Sunny,0
365,Kolkata,12,35.5,48,1027.9,27.1,83,2.7,0,Cloudy,1
366,Hyderabad,6,16.9,62,1008.6,4.4,6,13.2,7.0,Sunny,0
367,Ahmedabad,2,24.1,49,1010.0,26.2,48,8.7,0,Partly Cloudy,1
368,Chennai,6,21.9,97,1025.7,29.6,18,5.8,5.8,Sunny,0
369,Mumbai,8,19.3,47,1002.5,2.7,57,5.2,3.2,Partly Cloudy,0
370,Jaipur,2,12.4,80,1015.3,12.7,61,6.7,0,Partly Cloudy,1
371,Chennai,12,20.7,26,1025.7,22.9,67,4.1,0,Partly Cloudy,1
372,Hyderabad,5,12.4,74,1010.1,9.9,8,12.6,0,Sunny,1
373,Kolkata,8,32.7,92,1003.5,26.8,17,6.1,4.3,Sunny,1
374,Lucknow,1,15.8,41,998.4,1.6,64,3.8,0.3,Partly Cloudy,1
375,Delhi,7,37.8,57,1020.8,19.1,76,14.9,0,Cloudy,1
376,Mumbai,7,23.1,40,1011.9,14.8,19,4.3,0,Sunny,0
377,Delhi,5,22.3,37,1016.5,8.8,77,11.0,0,Cloudy,0
378,Ahmedabad,2,17.6,38,1009.9,18.7,99,5.1,8.2,Cloudy,0
379,Chennai,6,31.9,62,996.4,16.9,26,10.8,0,Sunny,1
380,Mumbai,2,36.4,88,996.0,3.6,65,2.5,3.4,Foggy,0
381,Kolkata,11,15.9,62,1000.6,2.5,22,13.3,3.3,Sunny,0
382,Lucknow,12,11.9,30,990.4,5.0,82,3.8,0,Cloudy,1
383,Jaipur,10,17.1,36,1004.9,10.9,14,6.9,4.4,Sunny,0
384,Jaipur,7,30.1,46,994.5,21.2,7,14.8,0,Sunny,0
385,Mumbai,7,39.0,86,1022.1,20.7,23,9.8,1.8,Sunny,0
386,Bengaluru,8,39.3,39,1025.5,13.8,8,5.0,0,Sunny,0
387,Pune,12,27.6,97,999.0,28.7,43,8.5,0,Partly Cloudy,1
388,Chennai,8,19.8,74,995.9,25.0,78,2.2,0,Cloudy,0
389,Bengaluru,9,36.9,88,1024.8,3.2,62,5.8,1.0,Partly Cloudy,1
390,Pune,11,20.9,55,993.2,13.9,73,7.5,6.5,Cloudy,0
391,Jaipur,6,12.0,88,1019.8,1.5,51,7.1,0.4,Partly Cloudy,1
392,Ahmedabad,10,29.7,90,1012.5,20.0,58,14.3,3.0,Partly Cloudy,1
393,Delhi,4,36.7,67,1012.4,19.0,60,11.2,0,Partly Cloudy,1
394,Chennai,1,19.6,62,1011.9,11.8,13,2.1,4.7,Sunny,1
395,Bengaluru,12,33.2,77,994.3,18.7,24,3.1,2.6,Sunny,0
396,Chennai,12,19.5,78,991.9,19.4,86,9.4,0.2,Cloudy,0
397,Jaipur,8,30.4,89,995.4,15.5,67,11.4,0,Partly Cloudy,0
398,Pune,3,31.5,47,1019.2,4.7,49,10.4,0,Partly Cloudy,0
399,Hyderabad,9,38.0,78,1029.2,27.6,97,4.9,0,Cloudy,1
400,Bengaluru,3,22.0,90,1002.0,21.3,40,11.1,3.2,Partly Cloudy,0
401,Chennai,4,15.1,62,1017.5,27.7,16,14.7,0,Sunny,0
402,Hyderabad,12,11.9,70,1012.5,17.9,85,11.1,0,Cloudy,0
403,Pune,5,37.8,79,1022.3,16.2,3,6.6,2.1,Sunny,1
404,Bengaluru,5,31.2,43,1023.6,21.0,37,4.3,1.1,Partly Cloudy,0
405,Hyderabad,8,11.5,96,1024.6,22.5,71,6.7,0,Cloudy,0
406,Delhi,7,21.2,65,1028.6,2.6,95,4.9,2.4,Cloudy,0
407,Jaipur,4,39.0,72,1020.2,16.9,77,4.2,2.5,Cloudy,1
408,Mumbai,3,40.7,90,994.8,2.2,35,9.0,0,Sunny,1
409,Ahmedabad,5,8.2,84,1018.4,5.5,19,14.0,0,Sunny,0
410,Kolkata,8,34.9,95,1004.3,23.7,40,8.6,0,Partly Cloudy,0
411,Pune,2,34.7,45,1006.6,16.6,11,6.2,6.0,Sunny,0
412,Kolkata,4,40.3,92,1009.0,17.3,96,14.7,0,Cloudy,1
413,Hyderabad,8,16.2,56,1028.4,20.8,41,6.6,1.2,Partly Cloudy,1
414,Kolkata,1,39.0,72,1010.6,15.8,62,2.1,0.6,Partly Cloudy,0
415,Chennai,6,25.5,37,996.7,28.7,68,8.7,0.6,Partly Cloudy,0
416,Chennai,11,22.4,38,998.2,25.0,94,12.0,0.5,Cloudy,0
417,Mumbai,12,31.3,28,1008.4,10.6,11,2.5,2.2,Sunny,1
418,Chennai,5,21.9,82,1015.2,13.6,2,6.8,3.9,Sunny,1
419,Delhi,11,32.5,33,1020.2,18.0,89,13.0,0,Cloudy,1
420,Kolkata,10,10.9,81,1005.3,24.8,3,7.9,5.1,Sunny,0
421,Bengaluru,12,21.3,94,1001.8,19.4,38,10.6,8.1,Partly Cloudy,0
422,Hyderabad,1,26.8,96,995.7,2.2,73,9.6,0,Cloudy,1
423,Mumbai,5,15.1,69,998.5,27.3,65,3.4,5.8,Partly Cloudy,1
424,Mumbai,3,30.8,97,1024.1,25.7,70,7.7,9.3,Partly Cloudy,1
425,Kolkata,11,10.3,37,997.9,17.8,42,6.3,0,Partly Cloudy,0
426,Mumbai,4,18.8,82,1003.1,20.1,88,9.4,0,Cloudy,1
427,Hyderabad,6,40.6,46,990.2,8.1,28,11.1,0,Sunny,0
428,Hyderabad,8,23.7,70,1021.0,15.1,13,3.9,0,Sunny,0
429,Kolkata,3,38.3,50,1000.5,26.7,9,11.3,8.1,Sunny,0
430,Ahmedabad,10,21.8,52,1026.3,17.0,69,13.6,0,Partly Cloudy,0
431,Bengaluru,6,21.3,62,995.4,15.5,11,6.9,0,Sunny,0
432,Ahmedabad,11,13.6,90,995.6,5.6,72,14.3,2.9,Cloudy,0
433,Bengaluru,12,32.9,70,991.6,23.1,29,2.3,0,Sunny,1
434,Hyderabad,7,24.0,83,1025.3,2.2,83,5.9,4.1,Cloudy,0
435,Pune,11,36.2,58,1013.1,17.5,48,10.3,0,Partly Cloudy,0
436,Pune,5,20.8,53,1010.7,11.2,44,8.1,6.0,Partly Cloudy,0
437,Ahmedabad,1,25.1,42,1007.6,7.7,65,10.2,3.8,Partly Cloudy,1
438,Mumbai,11,15.8,67,1018.8,15.0,61,8.0,6.1,Partly Cloudy,0
439,Lucknow,1,16.3,41,1012.9,5.7,80,8.4,5.2,Cloudy,1
440,Bengaluru,9,40.6,97,1015.5,26.5,93,10.4,1.2,Cloudy,1
441,Mumbai,4,23.3,85,1024.7,5.9,52,9.6,3.1,Partly Cloudy,1
442,Pune,5,13.7,68,1026.9,18.3,8,4.6,0,Sunny,0
443,Mumbai,1,14.9,89,1017.4,25.0,77,2.8,0,Foggy,1
444,Pune,9,33.6,36,1009.3,4.8,77,8.8,4.0,Cloudy,1
445,Lucknow,9,22.3,30,1017.9,13.4,61,12.2,0,Partly Cloudy,0
446,Ahmedabad,2,22.5,57,1009.1,7.7,10,5.3,5.0,Sunny,0
447,Lucknow,5,14.4,25,1013.1,4.4,0,6.6,3.0,Sunny,0
448,Mumbai,3,22.5,57,1000.5,16.5,72,6.4,11.7,Cloudy,1
449,Lucknow,4,22.0,96,1009.3,11.7,71,8.0,9.5,Cloudy,0
450,Lucknow,12,12.7,40,1019.9,14.0,89,14.3,2.5,Cloudy,1
451,Pune,7,34.7,95,1014.6,20.9,6,3.7,1.0,Foggy,1
452,Bengaluru,8,39.5,80,993.5,8.6,47,2.6,0.4,Partly Cloudy,1
453,Lucknow,7,28.9,91,1001.5,28.9,7,14.3,3.6,Sunny,0
454,Chennai,11,39.6,91,1001.4,2.0,76,8.4,0,Cloudy,0
455,Ahmedabad,3,30.9,71,999.6,1.0,20,2.7,0,Sunny,0
456,Lucknow,10,14.8,26,1019.5,3.0,11,8.9,5.5,Sunny,0
457,Pune,10,19.8,60,999.1,28.9,58,14.1,0,Partly Cloudy,0
458,Mumbai,9,10.5,62,1003.6,4.4,65,14.4,1.2,Partly Cloudy,0
459,Ahmedabad,5,31.6,73,1012.5,23.3,96,6.1,4.2,Cloudy,0
460,Delhi,8,12.0,33,1005.3,23.9,28,10.6,0,Sunny,0
461,Hyderabad,7,40.5,91,1011.4,21.3,33,4.9,6.7,Foggy,0
462,Mumbai,9,39.7,85,1002.6,7.3,73,5.1,7.1,Cloudy,0
463,Chennai,8,33.1,55,1019.4,26.3,26,4.6,5.3,Sunny,1
464,Mumbai,2,39.3,88,1014.6,23.2,69,14.4,0,Partly Cloudy,0
465,Hyderabad,10,18.7,98,1024.8,15.2,97,13.9,2.3,Cloudy,1
466,Delhi,9,35.2,86,1027.6,1.9,44,6.8,4.0,Partly Cloudy,0
467,Bengaluru,8,41.2,91,1008.4,21.0,1,10.6,0,Sunny,1
468,Kolkata,3,26.7,55,1000.8,28.8,43,6.4,2.1,Partly Cloudy,0
469,Chennai,7,31.8,72,1004.6,12.6,57,3.9,7.4,Partly Cloudy,1
470,Mumbai,12,17.2,55,1012.2,25.8,25,3.5,5.3,Sunny,0
471,Bengaluru,8,35.4,47,1006.9,4.9,80,8.5,1.4,Cloudy,1
472,Pune,10,9.6,37,1017.6,2.7,32,7.9,0,Sunny,0
473,Jaipur,12,19.4,71,1004.4,17.2,32,6.1,0,Sunny,0
474,Ahmedabad,4,27.6,93,997.0,23.6,45,5.9,2.9,Partly Cloudy,1
475,Jaipur,2,21.0,61,1008.6,28.7,21,10.1,5.2,Sunny,0
476,Lucknow,2,10.7,68,999.1,10.2,37,11.1,0,Partly Cloudy,0
477,Lucknow,5,38.2,71,1019.9,16.1,57,7.1,3.4,Partly Cloudy,0
478,Kolkata,12,31.8,35,998.4,12.5,12,2.4,1.5,Sunny,0
479,Pune,1,8.9,75,1011.0,29.9,13,5.0,4.6,Sunny,0
480,Kolkata,4,16.4,61,1007.7,4.7,67,12.8,9.0,Partly Cloudy,1
481,Hyderabad,6,37.4,84,1029.0,16.7,34,8.9,8.5,Sunny,0
482,Ahmedabad,10,23.5,97,1007.4,19.6,68,5.7,12.1,Stormy,1
483,Chennai,2,23.0,71,1006.5,5.5,1,1.5,4.4,Sunny,1
484,Jaipur,9,8.3,87,1027.9,14.8,1,11.8,0,Sunny,0
485,Ahmedabad,4,35.1,95,1004.9,12.9,71,7.4,3.0,Cloudy,0
486,Lucknow,4,16.9,79,1015.0,16.0,78,12.4,10.9,Cloudy,0
487,Kolkata,11,33.3,59,1006.5,25.8,23,3.3,4.7,Sunny,0
488,Ahmedabad,8,14.4,27,996.1,29.1,2,4.0,4.0,Sunny,1
489,Kolkata,3,32.3,26,999.3,5.4,63,4.4,0,Partly Cloudy,0
490,Hyderabad,8,31.7,29,1003.2,25.5,18,2.3,4.7,Sunny,0
491,Mumbai,9,24.0,49,1025.8,8.3,48,12.7,6.7,Partly Cloudy,1
492,Jaipur,4,33.1,29,998.0,22.3,12,8.5,6.4,Sunny,0
493,Jaipur,7,31.2,64,1027.4,5.6,93,2.1,8.6,Cloudy,1
494,Kolkata,4,20.3,31,1024.5,7.3,14,4.7,0,Sunny,0
495,Delhi,3,35.0,40,1005.8,8.0,5,9.3,0,Sunny,1
496,Mumbai,4,13.4,36,1017.4,10.8,97,9.9,0,Cloudy,1
497,Bengaluru,12,26.2,38,995.0,7.7,71,12.1,3.4,Cloudy,0
498,Chennai,1,31.4,70,1019.0,8.3,5,8.1,0,Sunny,0
499,Kolkata,9,31.7,49,1012.7,16.8,41,11.4,0,Partly Cloudy,0
500,Pune,3,10.3,44,1008.0,24.8,69,6.5,12.3,Rainy,0
501,Pune,7,32.9,27,1014.8,11.6,79,4.7,1.7,Cloudy,0
502,Lucknow,4,25.8,88,1020.6,5.5,36,5.9,0,Partly Cloudy,0
503,Mumbai,2,25.8,33,991.8,28.2,22,13.3,2.2,Sunny,1
504,Ahmedabad,11,36.4,87,1011.0,21.3,32,2.2,6.0,Foggy,1
505,Mumbai,1,39.6,51,1016.2,27.9,10,7.8,0,Sunny,0
506,Lucknow,6,35.0,32,1022.9,8.7,5,11.4,0,Sunny,0
507,Mumbai,4,40.7,37,994.0,7.7,49,4.1,0,Partly Cloudy,0
508,Bengaluru,9,33.5,78,1019.8,23.2,73,6.3,2.4,Cloudy,1
509,Lucknow,2,13.7,48,1012.0,15.6,84,3.6,8.4,Cloudy,1
510,Hyderabad,9,41.7,66,1023.8,13.0,81,7.3,2.9,Cloudy,0
511,Ahmedabad,4,27.1,52,1005.0,17.0,95,4.9,8.3,Cloudy,1
512,Delhi,5,28.3,91,995.4,26.8,0,5.6,0,Sunny,1
513,Hyderabad,1,34.2,60,1026.8,15.8,73,14.0,3.8,Cloudy,1
514,Bengaluru,5,20.5,56,999.3,24.5,11,9.2,1.6,Sunny,0
515,Chennai,12,10.6,66,1021.7,6.0,88,11.0,3.9,Cloudy,0
516,Delhi,12,35.5,73,993.1,2.6,98,6.0,1.0,Cloudy,0
517,Lucknow,7,39.6,40,1024.8,7.6,83,13.0,9.4,Cloudy,0
518,Delhi,5,25.8,65,1011.6,5.3,64,10.9,0,Partly Cloudy,1
519,Lucknow,8,33.6,98,1010.2,7.4,37,12.1,3.2,Partly Cloudy,1
520,Delhi,9,21.6,35,1005.9,13.6,89,3.3,6.6,Cloudy,1
521,Pune,4,24.6,98,997.8,18.9,94,8.6,3.2,Cloudy,1
522,Ahmedabad,2,11.8,77,1006.9,11.1,41,6.2,4.4,Partly Cloudy,0
523,Kolkata,3,41.6,81,1014.9,13.8,29,4.2,0,Sunny,0
524,Mumbai,12,9.9,43,1024.8,24.8,1,6.1,6.5,Sunny,0
525,Kolkata,8,24.0,67,998.4,16.6,26,8.9,0.5,Sunny,0
526,Bengaluru,12,31.8,27,1005.1,27.3,67,2.1,0,Partly Cloudy,1
527,Kolkata,4,34.8,59,992.1,20.0,1,2.4,0,Sunny,0
528,Hyderabad,2,8.6,74,999.2,12.0,90,2.8,0,Cloudy,1
529,Ahmedabad,9,11.0,50,1010.0,14.3,91,1.8,3.1,Cloudy,1
530,Lucknow,12,13.3,69,1017.4,11.3,38,4.7,6.6,Partly Cloudy,0
531,Pune,5,35.6,57,1025.1,26.8,3,14.2,3.9,Sunny,0
532,Lucknow,11,12.7,73,1010.8,20.7,80,10.8,1.9,Cloudy,1
533,Ahmedabad,3,22.5,64,1026.4,10.5,69,3.3,0,Partly Cloudy,0
534,Chennai,3,18.5,92,1026.4,13.5,98,3.5,0,Foggy,0
535,Bengaluru,6,10.3,93,1027.9,4.4,40,12.8,1.2,Partly Cloudy,1
536,Lucknow,7,18.3,60,996.1,6.5,16,4.0,1.5,Sunny,0
537,Ahmedabad,10,17.1,97,1014.5,18.3,29,10.8,0,Sunny,1
538,Pune,10,23.9,72,997.4,12.2,60,3.4,8.9,Partly Cloudy,1
539,Delhi,7,34.0,26,1027.0,28.6,28,11.5,8.9,Sunny,1
540,Jaipur,10,24.7,66,1024.7,26.7,54,7.0,0,Partly Cloudy,1
541,Lucknow,12,18.6,98,1013.8,16.2,90,12.1,0,Cloudy,0
542,Delhi,4,25.6,75,1029.4,2.1,49,8.5,0,Partly Cloudy,0
543,Delhi,4,17.9,75,1025.4,23.4,36,7.7,0,Partly Cloudy,1
544,Pune,3,23.8,82,993.6,15.5,23,12.0,3.7,Sunny,0
545,Pune,3,21.4,66,1008.0,6.2,75,13.6,11.2,Cloudy,1
546,Hyderabad,12,30.1,45,1018.7,4.6,14,11.0,0,Sunny,0
547,Mumbai,9,32.0,90,1014.5,5.6,70,6.6,4.3,Partly Cloudy,1
548,Bengaluru,3,37.5,47,1020.8,2.5,39,5.7,0,Partly Cloudy,0
549,Jaipur,5,29.3,40,1025.9,28.9,0,9.9,0.4,Sunny,0
550,Pune,1,28.7,88,999.5,18.1,60,7.6,8.5,Partly Cloudy,1
551,Ahmedabad,10,8.2,95,1001.1,19.2,26,2.2,4.8,Foggy,1
552,Delhi,11,27.7,63,1003.2,3.5,13,7.1,6.3,Sunny,1
553,Kolkata,10,30.5,98,1021.5,6.1,58,11.6,2.1,Partly Cloudy,0
554,Hyderabad,6,38.5,33,1020.3,25.5,8,5.5,1.5,Sunny,1
555,Kolkata,6,25.9,92,998.4,7.1,7,3.0,0,Foggy,0
556,Jaipur,12,31.4,61,1007.1,25.6,33,8.6,0,Sunny,0
557,Hyderabad,3,28.9,88,1010.8,19.3,63,12.4,5.7,Partly Cloudy,1
558,Chennai,1,12.0,84,1015.0,4.4,26,12.3,0,Sunny,0
559,Lucknow,1,19.3,96,1022.2,7.2,81,4.2,1.3,Foggy,1
560,Pune,9,19.0,25,994.6,10.7,50,11.3,9.2,Partly Cloudy,0
561,Delhi,3,14.6,68,1026.9,14.9,60,12.3,0,Partly Cloudy,0
562,Pune,6,23.7,77,1027.1,2.6,66,5.5,0,Partly Cloudy,0
563,Hyderabad,9,26.2,51,1013.1,10.6,45,2.4,6.2,Partly Cloudy,1
564,Lucknow,11,26.2,46,1012.8,12.3,76,3.1,10.7,Cloudy,0
565,Kolkata,12,37.2,29,1000.9,3.5,30,6.5,2.5,Sunny,0
566,Bengaluru,2,20.7,29,1021.1,27.5,56,8.3,0,Partly Cloudy,0
567,Pune,3,14.5,86,1019.3,16.2,99,5.9,3.3,Cloudy,0
568,Pune,11,41.8,51,1019.0,14.3,91,13.2,0.7,Cloudy,1
569,Kolkata,1,31.4,36,1003.3,26.8,13,8.5,0,Sunny,0
570,Kolkata,11,38.3,66,998.0,9.3,68,5.8,0,Partly Cloudy,1
571,Mumbai,5,13.1,60,994.6,28.8,71,8.4,4.3,Cloudy,1
572,Bengaluru,12,35.3,98,999.8,3.1,78,13.5,7.5,Cloudy,1
573,Delhi,3,9.0,31,994.2,2.6,54,6.8,0,Partly Cloudy,0
574,Jaipur,10,20.1,67,1022.7,21.7,85,12.4,0,Cloudy,1
575,Jaipur,10,12.5,84,993.9,10.0,82,11.1,0,Cloudy,1
576,Ahmedabad,5,39.0,75,997.3,27.6,42,12.1,1.3,Partly Cloudy,0
577,Jaipur,8,9.0,85,994.5,14.9,21,5.3,0,Sunny,0
578,Lucknow,12,35.1,66,1012.2,3.1,38,8.7,5.8,Partly Cloudy,1
579,Lucknow,4,29.1,95,996.4,15.0,8,6.1,3.1,Sunny,0
580,Lucknow,10,34.8,94,1017.8,6.0,85,2.6,0,Foggy,0
581,Ahmedabad,8,11.9,84,1003.0,3.8,56,3.9,4.8,Partly Cloudy,1
582,Ahmedabad,7,19.1,32,993.6,24.7,74,13.7,2.5,Cloudy,0
583,Delhi,3,30.5,82,1011.3,12.3,73,7.5,5.8,Cloudy,1
584,Kolkata,7,32.4,69,1029.6,17.9,78,14.8,12.8,Stormy,0
585,Kolkata,1,20.6,95,1028.7,1.0,71,12.6,0,Cloudy,0
586,Chennai,7,31.9,75,1015.0,21.6,51,6.7,8.2,Partly Cloudy,1
587,Bengaluru,8,12.7,96,1005.4,27.8,53,3.6,7.9,Foggy,1
588,Mumbai,11,8.5,87,1016.3,29.3,17,2.6,0.4,Foggy,0
589,Lucknow,8,38.4,79,1014.9,14.2,54,9.0,0,Partly Cloudy,1
590,Ahmedabad,1,27.6,55,1018.5,8.8,69,9.3,4.4,Partly Cloudy,1
591,Delhi,10,24.4,72,994.5,15.0,88,2.6,2.2,Cloudy,0
592,Kolkata,8,25.6,91,1025.6,3.6,60,10.0,0,Partly Cloudy,0
593,Mumbai,11,29.5,64,1014.5,27.2,68,12.0,0,Partly Cloudy,0
594,Hyderabad,7,20.0,62,1001.6,2.0,76,11.6,4.2,Cloudy,0
595,Ahmedabad,5,10.1,85,1013.1,17.6,84,14.9,5.5,Cloudy,1
596,Mumbai,3,25.2,60,1000.1,18.9,35,13.1,0,Sunny,1
597,Mumbai,10,13.9,44,1016.4,11.7,22,5.0,0,Sunny,0
598,Delhi,6,41.5,43,1013.8,24.8,63,11.7,0,Partly Cloudy,0
599,Lucknow,4,30.5,46,998.4,22.3,44,2.2,0,Partly Cloudy,1
600,Jaipur,7,24.2,85,1019.8,22.8,68,4.7,12.2,Stormy,1
601,Bengaluru,9,37.6,26,1001.6,24.1,48,10.7,7.9,Partly Cloudy,1
602,Pune,11,20.0,80,1014.4,19.9,34,6.0,0,Sunny,1
603,Mumbai,5,30.2,75,1008.4,20.6,30,11.4,0,Sunny,1
604,Bengaluru,6,26.6,26,1023.3,1.3,12,8.6,0,Sunny,0
605,Hyderabad,4,32.7,57,997.7,1.7,11,2.3,0,Sunny,1
606,Ahmedabad,11,12.1,40,993.5,18.5,48,10.4,0,Partly Cloudy,0
607,Ahmedabad,3,38.5,48,1000.1,14.5,9,10.1,4.1,Sunny,0
608,Hyderabad,5,13.5,34,1001.1,2.8,49,6.0,0,Partly Cloudy,1
609,Kolkata,3,23.0,87,1029.2,6.8,50,3.9,0,Foggy,0
610,Chennai,10,29.9,81,1018.6,4.0,9,2.5,0.6,Sunny,0
611,Jaipur,1,38.5,44,1016.1,1.0,4,10.5,0,Sunny,0
612,Ahmedabad,1,25.5,87,1009.1,12.7,93,12.0,10.7,Cloudy,0
613,Pune,4,8.1,86,994.8,16.5,45,6.0,0,Partly Cloudy,0
614,Mumbai,6,26.2,68,993.2,14.3,98,5.4,4.6,Cloudy,1
615,Pune,1,40.9,49,1002.0,12.3,13,10.0,0,Sunny,0
616,Chennai,3,9.2,28,1018.8,18.2,62,6.7,4.6,Partly Cloudy,0
617,Kolkata,8,26.2,82,1028.7,1.5,43,2.3,0.8,Partly Cloudy,1
618,Pune,8,40.0,93,996.0,17.8,9,2.0,0,Foggy,1
619,Delhi,8,38.8,30,999.7,19.8,1,3.8,4.6,Sunny,0
620,Jaipur,10,13.8,33,1022.7,4.1,63,9.5,4.3,Partly Cloudy,0
621,Mumbai,4,22.5,76,1003.0,29.3,73,8.9,0,Cloudy,1
622,Delhi,10,13.9,33,994.8,5.1,53,3.8,12.1,Stormy,0
623,Jaipur,4,39.5,30,995.3,23.9,80,9.8,3.2,Cloudy,0
624,Delhi,1,14.1,36,1018.3,18.2,36,7.1,0,Partly Cloudy,0
625,Jaipur,12,12.3,43,1015.6,16.2,52,4.7,4.0,Partly Cloudy,0
626,Jaipur,10,40.3,63,1003.9,1.1,30,4.1,7.3,Sunny,0
627,Mumbai,10,20.3,94,1010.3,14.5,80,10.4,2.5,Cloudy,0
628,Jaipur,8,14.0,30,992.2,11.6,26,7.4,3.7,Sunny,0
629,Jaipur,1,11.6,31,1027.0,6.1,100,1.9,1.1,Cloudy,1
630,Jaipur,10,27.7,78,998.0,20.6,41,4.6,0.3,Partly Cloudy,1
631,Chennai,2,16.1,77,1024.8,11.9,28,2.5,0,Sunny,1
632,Chennai,10,23.5,74,1004.9,14.3,24,10.0,0,Sunny,0
633,Chennai,6,12.3,97,992.4,5.0,59,7.7,5.2,Partly Cloudy,0
634,Ahmedabad,3,34.8,46,1013.1,17.0,29,2.7,4.5,Sunny,0
635,Jaipur,4,28.1,84,1001.2,22.2,94,13.3,3.1,Cloudy,1
636,Ahmedabad,3,39.1,25,1006.7,2.3,60,11.4,8.3,Partly Cloudy,0
637,Lucknow,9,21.4,37,1008.1,8.0,71,11.7,1.2,Cloudy,1
638,Hyderabad,5,16.1,36,990.6,20.4,20,11.0,0,Sunny,0
639,Ahmedabad,1,41.2,84,1020.9,26.4,51,4.0,5.4,Partly Cloudy,0
640,Delhi,11,10.4,67,1011.2,9.6,96,5.1,0,Cloudy,0
641,Pune,10,35.0,35,1014.8,10.7,7,8.4,4.5,Sunny,1
642,Lucknow,6,23.8,30,1004.6,6.1,71,11.0,0.5,Cloudy,0
643,Chennai,3,41.4,55,1011.6,19.8,94,14.2,0,Cloudy,1
644,Chennai,6,20.0,59,1010.1,13.3,6,2.4,0,Sunny,0
645,Jaipur,9,25.9,40,1008.8,16.4,68,13.6,0,Partly Cloudy,0
646,Mumbai,4,38.3,83,993.5,12.3,22,5.4,1.9,Sunny,0
647,Mumbai,3,17.4,43,1009.9,26.4,66,14.4,8.1,Partly Cloudy,0
648,Bengaluru,8,19.8,81,1019.5,1.6,24,2.3,1.2,Sunny,0
649,Chennai,9,29.9,77,1013.1,20.0,100,5.9,0,Cloudy,0
650,Jaipur,8,18.3,41,1025.9,9.9,33,4.6,0,Sunny,0
651,Kolkata,1,13.0,61,1008.2,5.8,20,11.1,0,Sunny,0
652,Bengaluru,3,16.1,30,1029.8,17.7,56,5.0,16.1,Rainy,1
653,Delhi,11,18.8,69,995.9,14.0,20,8.7,1.3,Sunny,0
654,Bengaluru,8,39.5,44,990.2,22.4,64,6.0,3.8,Partly Cloudy,0
655,Jaipur,5,41.0,98,1016.7,24.2,93,13.7,0,Cloudy,0
656,Delhi,3,31.1,39,1002.3,12.6,28,7.5,3.2,Sunny,1
657,Delhi,10,29.8,92,998.9,28.1,35,4.1,8.9,Foggy,0
658,Mumbai,9,21.4,87,1002.7,18.5,7,13.8,5.4,Sunny,1
659,Bengaluru,12,37.0,72,1005.4,1.4,44,6.2,10.6,Partly Cloudy,1
660,Jaipur,12,41.7,81,1001.5,24.4,54,11.3,0,Partly Cloudy,1
661,Ahmedabad,10,10.9,51,1002.1,29.7,67,14.8,14.6,Stormy,1
662,Lucknow,11,39.1,78,997.0,14.4,72,11.7,8.1,Cloudy,1
663,Bengaluru,7,17.8,87,991.7,25.0,74,5.6,0,Cloudy,1
664,Delhi,3,16.9,85,995.0,20.3,36,7.1,0,Partly Cloudy,0
665,Chennai,1,12.1,60,1009.7,29.1,76,11.6,0,Cloudy,0
666,Jaipur,12,35.8,72,1010.5,17.7,33,3.7,0,Sunny,1
667,Hyderabad,8,37.9,42,1004.3,2.5,46,7.2,4.5,Partly Cloudy,1
668,Pune,11,39.8,90,997.8,19.2,97,2.8,0.5,Foggy,0
669,Pune,6,37.7,63,1000.9,21.2,46,2.8,0,Partly Cloudy,1
670,Pune,5,20.7,87,1006.5,27.7,20,2.9,0,Foggy,1
671,Chennai,4,35.0,96,1014.5,25.1,67,12.9,1.2,Partly Cloudy,0
672,Lucknow,8,39.1,39,1022.8,27.8,61,6.2,0,Partly Cloudy,0
673,Bengaluru,8,38.3,91,1020.5,10.9,90,5.6,2.9,Cloudy,1
674,Bengaluru,12,15.7,41,998.4,29.5,54,10.8,0,Partly Cloudy,0
675,Mumbai,1,34.3,80,991.7,4.1,84,8.4,5.3,Cloudy,1
676,Mumbai,5,30.7,37,1021.3,27.7,26,9.4,1.4,Sunny,1
677,Hyderabad,1,11.1,60,1028.0,11.1,20,13.0,1.8,Sunny,0
678,Mumbai,2,35.9,26,1011.2,21.8,36,3.8,0,Partly Cloudy,0
679,Delhi,12,11.4,52,1026.8,25.7,60,6.4,0,Partly Cloudy,0
680,Bengaluru,6,41.4,79,998.6,7.6,14,11.8,0,Sunny,1
681,Jaipur,2,25.7,88,1020.5,21.4,71,11.2,8.1,Cloudy,1
682,Jaipur,10,33.0,81,999.0,12.8,54,4.0,3.4,Partly Cloudy,1
683,Jaipur,11,20.5,26,1029.9,15.3,13,6.9,0,Sunny,1
684,Lucknow,7,31.6,38,1019.7,26.9,21,2.4,0,Sunny,0
685,Hyderabad,4,28.2,76,994.9,25.3,92,8.2,3.8,Cloudy,1
686,Lucknow,6,24.2,76,1029.5,15.8,18,11.9,0,Sunny,1
687,Kolkata,8,24.9,42,991.2,22.4,8,8.2,3.6,Sunny,0
688,Hyderabad,3,18.3,37,1020.4,20.2,66,11.9,3.5,Partly Cloudy,0
689,Chennai,5,30.5,87,1010.2,16.7,69,8.9,4.2,Partly Cloudy,1
690,Mumbai,7,23.3,73,1007.7,2.0,22,9.0,0.1,Sunny,0
691,Kolkata,12,13.6,80,995.4,21.8,62,11.8,0,Partly Cloudy,0
692,Pune,10,24.0,96,1024.2,15.7,50,5.1,0,Partly Cloudy,0
693,Lucknow,10,31.0,61,1002.8,1.8,5,3.2,0,Sunny,0
694,Hyderabad,7,11.3,69,1029.7,12.9,7,10.4,7.3,Sunny,1
695,Kolkata,10,10.9,33,1024.8,4.3,21,1.8,0,Sunny,0
696,Ahmedabad,9,38.6,59,990.8,14.6,2,14.8,5.4,Sunny,0
697,Lucknow,6,27.5,87,994.0,20.6,43,8.2,3.3,Partly Cloudy,1
698,Kolkata,6,41.0,50,1009.9,25.6,100,2.5,0,Cloudy,0
699,Chennai,5,17.0,63,1029.8,12.7,28,9.9,8.2,Sunny,0
700,Ahmedabad,6,17.3,97,1022.0,14.8,26,6.2,0,Sunny,1
701,Kolkata,9,35.3,80,1016.5,10.1,53,6.9,0,Partly Cloudy,0
702,Bengaluru,1,29.3,91,1024.5,17.7,27,10.4,0,Sunny,0
703,Jaipur,5,39.9,93,1022.4,25.7,55,14.1,0.2,Partly Cloudy,1
704,Jaipur,3,16.2,63,1023.8,12.9,8,10.1,0,Sunny,0
705,Kolkata,5,30.0,57,1017.5,7.8,30,3.0,1.8,Sunny,0
706,Jaipur,8,27.0,80,1006.9,27.3,25,3.7,4.0,Sunny,1
707,Kolkata,5,30.4,47,1015.8,2.2,92,8.1,12.8,Rainy,1
708,Kolkata,2,38.6,77,1025.9,20.5,11,6.9,1.7,Sunny,0
709,Bengaluru,4,11.8,89,1027.3,16.1,74,14.3,6.5,Cloudy,0
710,Chennai,10,12.2,65,1003.2,17.9,49,12.4,0,Partly Cloudy,0
711,Lucknow,4,12.9,47,998.6,9.0,52,4.9,0,Partly Cloudy,0
712,Mumbai,6,26.6,85,1017.3,28.9,100,14.1,0,Cloudy,1
713,Hyderabad,5,8.7,29,1023.7,20.2,6,10.8,1.4,Sunny,0
714,Kolkata,11,40.6,71,1026.1,20.9,68,13.2,0,Partly Cloudy,0
715,Lucknow,1,38.9,75,1027.1,27.6,38,2.7,2.1,Partly Cloudy,1
716,Bengaluru,8,29.5,77,1021.6,8.9,10,12.6,0,Sunny,0
717,Jaipur,12,22.0,67,1018.7,26.4,12,12.6,0,Sunny,0
718,Ahmedabad,12,35.7,66,1008.1,1.8,6,10.2,0,Sunny,1
719,Jaipur,11,12.6,76,998.0,9.9,73,2.6,6.3,Cloudy,0
720,Bengaluru,10,31.3,65,1008.1,26.3,17,5.0,5.5,Sunny,0
721,Hyderabad,5,14.8,78,1004.7,12.4,48,14.3,3.2,Partly Cloudy,0
722,Pune,11,28.8,54,1026.3,29.2,25,5.0,0,Sunny,0
723,Delhi,7,29.0,58,996.0,28.8,21,14.3,6.4,Sunny,0
724,Jaipur,11,24.8,53,1018.5,6.5,100,5.1,8.4,Cloudy,0
725,Lucknow,3,22.7,51,1014.0,29.9,36,11.3,1.7,Partly Cloudy,0
726,Delhi,5,41.2,55,1014.7,27.3,47,9.4,3.4,Partly Cloudy,0
727,Mumbai,1,23.9,66,1029.0,12.5,27,11.1,0,Sunny,1
728,Mumbai,9,10.0,67,1027.2,14.7,45,15.0,0,Partly Cloudy,0
729,Ahmedabad,12,33.4,30,990.2,15.6,48,5.6,0,Partly Cloudy,0
730,Pune,1,27.7,58,996.8,15.3,43,13.4,3.5,Partly Cloudy,1
731,Hyderabad,12,26.0,43,1000.4,10.1,16,8.2,4.5,Sunny,0
732,Lucknow,5,38.7,58,1014.5,23.1,33,8.5,0,Sunny,0
733,Bengaluru,6,33.1,87,1020.5,5.4,84,10.1,0,Cloudy,1
734,Bengaluru,1,24.0,45,1018.2,13.7,63,2.1,4.2,Partly Cloudy,1
735,Pune,8,23.6,39,1023.8,26.1,15,6.2,1.7,Sunny,0
736,Pune,5,27.2,52,1013.3,29.2,67,11.9,6.9,Partly Cloudy,1
737,Mumbai,4,34.1,37,1025.5,1.8,87,14.7,6.5,Cloudy,0
738,Mumbai,6,13.2,35,1008.4,21.5,61,7.6,6.4,Partly Cloudy,0
739,Ahmedabad,11,8.2,30,1016.2,28.6,41,14.3,11.4,Partly Cloudy,0
740,Bengaluru,4,37.4,61,1002.9,2.6,9,8.9,0.5,Sunny,0
741,Mumbai,7,16.7,55,1028.6,26.1,11,1.8,1.8,Sunny,0
742,Bengaluru,2,18.2,80,1019.4,27.7,87,9.6,7.8,Cloudy,1
743,Mumbai,6,25.4,87,1007.8,12.3,34,9.1,0,Sunny,0
744,Ahmedabad,3,22.8,79,993.7,15.9,59,10.6,6.9,Partly Cloudy,0
745,Bengaluru,8,25.9,92,993.4,14.6,10,13.7,0,Sunny,1
746,Kolkata,4,25.8,62,1012.7,17.0,5,8.4,0.9,Sunny,0
747,Lucknow,2,23.8,97,1022.5,11.3,74,2.6,0.5,Foggy,0
748,Bengaluru,3,36.7,30,993.3,26.4,38,5.7,0.4,Partly Cloudy,0
749,Jaipur,10,35.5,68,1028.7,26.3,23,4.3,13.0,Stormy,0
750,Mumbai,7,26.2,25,1005.8,1.4,83,7.9,9.7,Cloudy,0
751,Ahmedabad,12,24.5,71,1017.6,28.9,86,6.8,2.2,Cloudy,1
752,Mumbai,1,31.7,49,1024.4,7.1,83,3.5,5.4,Cloudy,1
753,Pune,4,10.9,84,995.9,13.2,14,3.7,5.0,Sunny,0
754,Jaipur,1,37.2,56,998.1,17.5,50,2.2,6.9,Partly Cloudy,1
755,Lucknow,7,36.9,95,1030.0,2.1,51,8.1,0,Partly Cloudy,0
756,Jaipur,4,32.3,92,990.8,17.7,70,2.4,0,Foggy,0
757,Lucknow,8,12.0,69,1007.9,13.7,20,5.4,2.1,Sunny,1
758,Chennai,10,38.9,68,1026.9,25.8,91,10.4,7.3,Cloudy,1
759,Kolkata,12,32.2,78,1023.3,20.5,94,6.4,0,Cloudy,1
760,Chennai,5,31.5,36,1016.7,4.7,25,3.6,2.8,Sunny,0
761,Lucknow,8,18.3,51,1012.3,30.0,45,13.4,0,Partly Cloudy,0
762,Pune,1,35.4,68,1007.2,18.9,15,9.1,2.8,Sunny,0
763,Hyderabad,6,34.2,96,1000.7,5.4,88,13.3,1.1,Cloudy,1
764,Jaipur,8,40.7,39,1029.0,23.7,78,12.1,1.6,Cloudy,0
765,Pune,1,25.2,46,1015.2,26.3,46,3.6,0,Partly Cloudy,0
766,Mumbai,3,30.0,67,1022.8,4.6,25,7.4,5.7,Sunny,1
767,Delhi,4,36.4,85,1003.7,15.6,10,5.1,0,Sunny,0
768,Chennai,3,33.6,92,1006.9,7.6,54,7.1,0,Partly Cloudy,1
769,Jaipur,9,35.0,71,1027.7,13.8,98,1.6,7.2,Cloudy,1
770,Hyderabad,7,41.4,46,1007.4,12.4,4,10.4,0,Sunny,0
771,Ahmedabad,1,41.2,91,1028.9,13.2,87,11.0,8.6,Cloudy,1
772,Hyderabad,1,36.1,92,1014.4,5.3,51,7.5,0,Partly Cloudy,1
773,Pune,10,34.8,81,1017.9,26.7,100,10.3,4.6,Cloudy,1
774,Pune,6,21.3,41,1010.8,16.7,27,2.8,0,Sunny,0
775,Pune,6,33.7,45,990.9,26.8,69,9.5,3.5,Partly Cloudy,0
776,Pune,2,32.9,72,1000.4,15.7,15,2.1,9.1,Sunny,0
777,Mumbai,8,18.1,25,1008.1,29.5,95,14.9,0,Cloudy,0
778,Pune,10,16.0,63,1001.4,23.8,91,9.2,0,Cloudy,1
779,Lucknow,9,33.1,38,1003.1,17.9,99,6.4,9.4,Cloudy,0
780,Mumbai,2,10.1,41,1009.1,13.9,47,10.6,5.1,Partly Cloudy,0
781,Pune,9,34.5,58,1013.4,19.5,56,10.8,10.7,Partly Cloudy,1
782,Bengaluru,3,25.2,87,1018.4,4.8,90,8.4,0.4,Cloudy,1
783,Chennai,8,24.1,45,1027.8,11.7,15,9.6,0,Sunny,0
784,Delhi,9,13.2,72,1002.2,11.9,37,8.1,1.9,Partly Cloudy,0
785,Bengaluru,10,22.3,64,1025.6,7.3,94,8.1,6.3,Cloudy,0
786,Lucknow,8,27.5,97,1008.1,10.8,48,7.9,3.7,Partly Cloudy,0
787,Ahmedabad,3,33.9,89,1015.5,23.1,85,7.6,6.0,Cloudy,0
788,Ahmedabad,7,21.2,75,1003.6,2.3,85,13.5,0,Cloudy,0
789,Mumbai,3,32.0,98,1015.2,23.4,39,9.1,5.1,Partly Cloudy,1
790,Ahmedabad,9,27.6,31,1028.3,16.1,96,7.9,7.5,Cloudy,0
791,Mumbai,11,39.8,48,1028.5,9.0,26,4.8,0,Sunny,0
792,Pune,10,18.9,30,1009.7,28.1,43,7.4,0,Partly Cloudy,0
793,Pune,6,21.0,36,994.6,3.9,21,5.4,4.0,Sunny,1
794,Lucknow,11,13.8,66,997.3,21.7,38,6.8,8.3,Partly Cloudy,1
795,Lucknow,6,16.8,40,992.1,7.9,76,9.4,0,Cloudy,0
796,Mumbai,5,10.1,84,1012.1,2.9,3,7.0,0.9,Sunny,1
797,Delhi,5,26.8,37,999.9,17.1,100,3.2,0,Cloudy,0
798,Pune,4,34.6,43,1004.9,29.6,100,4.8,0.7,Cloudy,0
799,Pune,8,9.4,84,1028.4,19.0,83,14.6,14.6,Stormy,1
800,Kolkata,11,20.9,69,1023.7,7.2,65,5.3,3.0,Partly Cloudy,1
801,Pune,10,10.4,36,1005.8,4.6,17,11.3,10.8,Sunny,1
802,Pune,6,38.1,68,1015.4,29.4,90,7.6,2.9,Cloudy,1
803,Hyderabad,6,15.2,67,990.6,21.1,82,14.0,2.6,Cloudy,1
804,Bengaluru,7,26.9,87,1020.5,16.6,100,13.3,2.7,Cloudy,0
805,Pune,1,38.3,81,1016.9,11.2,48,12.7,0,Partly Cloudy,0
806,Delhi,2,23.7,49,1007.8,7.4,2,11.7,2.9,Sunny,0
807,Hyderabad,4,11.1,63,1022.3,7.4,63,14.6,8.7,Partly Cloudy,0
808,Ahmedabad,4,8.2,75,994.4,9.0,64,8.2,4.3,Partly Cloudy,0
809,Ahmedabad,11,31.2,97,997.0,18.1,95,2.4,2.6,Foggy,1
810,Pune,12,34.6,49,1023.9,1.7,88,10.6,9.5,Cloudy,0
811,Pune,8,8.1,79,1015.6,28.3,6,13.0,0,Sunny,0
812,Mumbai,11,25.6,88,1004.5,23.0,92,4.5,11.6,Foggy,1
813,Lucknow,9,23.3,25,1005.7,10.7,73,12.4,6.6,Cloudy,0
814,Mumbai,4,14.7,67,1002.4,19.2,12,1.9,0.3,Sunny,0
815,Delhi,10,35.1,67,1023.6,8.2,60,4.7,2.1,Partly Cloudy,1
816,Chennai,2,34.4,81,1020.6,19.1,74,3.2,4.4,Cloudy,0
817,Delhi,7,18.7,33,1021.3,2.8,56,2.2,0,Partly Cloudy,1
818,Delhi,9,9.8,73,1006.1,18.9,52,4.6,0,Partly Cloudy,0
819,Ahmedabad,1,23.4,84,1021.8,26.5,79,2.9,0,Cloudy,1
820,Pune,6,28.0,38,994.1,18.3,8,9.5,0,Sunny,0
821,Ahmedabad,3,29.7,57,1004.2,15.0,79,7.5,3.4,Cloudy,1
822,Kolkata,10,22.8,70,1002.4,26.7,99,3.5,11.9,Cloudy,1
823,Ahmedabad,6,17.9,26,1010.7,20.1,18,2.3,0,Sunny,0
824,Lucknow,6,14.6,50,1015.6,6.8,8,6.1,0.1,Sunny,0
825,Jaipur,10,31.5,97,1028.5,18.9,53,5.9,8.6,Partly Cloudy,0
826,Jaipur,4,39.3,53,1017.7,14.5,27,4.7,6.8,Sunny,0
827,Hyderabad,12,20.8,76,997.4,29.7,46,1.6,0,Partly Cloudy,1
828,Jaipur,4,29.5,71,991.8,1.9,25,5.3,5.5,Sunny,1
829,Kolkata,12,13.9,95,999.8,6.7,22,12.9,1.4,Sunny,0
830,Lucknow,11,34.8,39,1003.5,7.1,58,4.7,2.5,Partly Cloudy,0
831,Bengaluru,9,41.2,80,1025.1,2.9,18,13.4,2.7,Sunny,0
832,Hyderabad,6,28.4,56,1026.8,23.1,75,4.1,5.4,Cloudy,0
833,Bengaluru,6,16.4,60,1024.9,25.7,74,13.5,3.5,Cloudy,0
834,Ahmedabad,2,13.7,74,1020.1,19.7,65,6.6,5.0,Partly Cloudy,1
835,Bengaluru,6,32.2,92,1017.8,21.8,63,7.9,0,Partly Cloudy,0
836,Delhi,4,15.5,50,1008.1,7.8,27,5.6,0,Sunny,0
837,Ahmedabad,3,39.8,72,1000.2,3.5,96,2.6,0,Cloudy,1
838,Jaipur,9,29.1,79,1008.0,13.5,47,12.4,2.1,Partly Cloudy,1
839,Lucknow,1,14.1,54,1000.6,3.2,10,5.5,0,Sunny,1
840,Kolkata,4,11.3,34,1004.4,16.8,42,4.2,0.4,Partly Cloudy,0
841,Kolkata,12,35.7,60,997.6,18.5,17,15.0,0.6,Sunny,0
842,Delhi,5,17.6,69,1021.3,12.7,51,12.6,0,Partly Cloudy,0
843,Delhi,8,30.2,44,1024.6,7.6,92,11.6,0,Cloudy,0
844,Jaipur,12,35.7,68,1021.7,10.1,24,7.3,1.5,Sunny,0
845,Lucknow,4,22.9,96,991.2,5.0,16,5.6,0.0,Sunny,0
846,Hyderabad,6,15.7,79,1017.4,12.7,99,10.8,0,Cloudy,1
847,Ahmedabad,1,27.3,29,1026.9,5.5,42,9.2,3.9,Partly Cloudy,0
848,Lucknow,7,14.9,75,992.5,12.2,60,3.0,0,Partly Cloudy,0
849,Jaipur,11,38.4,36,996.9,20.6,22,1.9,0,Sunny,1
850,Mumbai,7,17.6,54,1001.6,16.2,58,2.3,0,Partly Cloudy,0
851,Bengaluru,6,37.2,77,1005.6,29.7,16,8.7,0,Sunny,0
852,Chennai,3,37.6,64,1007.3,21.6,60,3.6,3.3,Partly Cloudy,0
853,Kolkata,10,14.9,83,1001.0,1.2,18,7.5,3.6,Sunny,1
854,Hyderabad,10,37.9,83,1008.5,2.1,11,5.4,0,Sunny,0
855,Jaipur,6,31.8,63,1005.6,24.9,22,7.1,3.5,Sunny,0
856,Lucknow,11,14.2,97,993.8,21.3,5,4.7,6.8,Foggy,0
857,Kolkata,11,26.3,33,1017.9,21.9,27,13.8,0,Sunny,1
858,Hyderabad,2,33.7,89,1020.7,10.5,57,3.7,7.5,Foggy,1
859,Delhi,8,8.9,84,1005.2,22.6,24,6.9,3.0,Sunny,0
860,Hyderabad,11,33.5,87,1008.5,3.4,84,4.8,3.2,Foggy,0
861,Bengaluru,8,35.9,45,996.8,1.5,12,3.9,6.3,Sunny,1
862,Delhi,11,17.3,81,1004.3,7.3,4,13.6,6.3,Sunny,0
863,Jaipur,12,9.6,91,1015.6,21.8,13,6.8,0,Sunny,1
864,Lucknow,4,39.6,72,1026.4,6.8,2,7.2,2.0,Sunny,0
865,Hyderabad,4,31.1,33,998.8,26.6,85,3.8,5.6,Cloudy,1
866,Hyderabad,6,27.1,49,1015.0,28.1,50,14.2,5.0,Partly Cloudy,1
867,Chennai,2,20.1,47,990.6,20.0,1,6.8,0,Sunny,0
868,Ahmedabad,6,9.5,52,1006.4,23.3,63,14.8,3.5,Partly Cloudy,1
869,Pune,10,13.8,37,1014.0,29.5,89,6.7,10.6,Cloudy,1
870,Bengaluru,11,33.9,65,1029.1,20.3,8,6.0,0,Sunny,0
871,Ahmedabad,8,21.0,54,1010.1,21.4,1,4.6,0,Sunny,0
872,Lucknow,4,29.1,32,995.5,15.5,25,3.5,0,Sunny,1
873,Delhi,4,39.4,81,1019.6,10.5,35,5.8,0.8,Sunny,0
874,Lucknow,11,35.6,28,999.2,22.3,43,4.8,0,Partly Cloudy,0
875,Chennai,11,31.7,53,1014.3,12.1,41,4.0,0,Partly Cloudy,0
876,Chennai,1,29.6,43,1027.5,4.6,22,9.5,0,Sunny,0
877,Chennai,4,25.3,79,1019.0,10.0,92,4.2,0,Cloudy,1
878,Ahmedabad,8,40.9,50,1000.9,23.7,10,14.3,3.6,Sunny,0
879,Lucknow,3,24.0,79,1010.2,22.3,97,3.6,8.5,Cloudy,0
880,Lucknow,2,33.8,63,1013.8,5.4,93,3.9,1.4,Cloudy,1
881,Kolkata,8,17.6,96,1014.2,3.1,17,11.2,4.2,Sunny,1
882,Pune,12,32.7,87,1006.2,13.1,50,14.6,11.0,Partly Cloudy,1
883,Jaipur,5,29.8,34,1006.4,2.1,15,6.7,0,Sunny,0
884,Kolkata,12,19.9,87,1015.4,11.7,7,10.3,0,Sunny,0
885,Chennai,4,24.2,71,1015.2,20.6,89,10.5,7.1,Cloudy,0
886,Bengaluru,5,16.4,45,990.5,23.4,82,11.1,8.5,Cloudy,1
887,Ahmedabad,2,25.6,49,1025.0,5.8,54,4.9,0,Partly Cloudy,0
888,Lucknow,10,18.5,77,1020.1,27.8,11,3.0,12.9,Stormy,0
889,Kolkata,12,15.1,75,1018.0,1.2,21,12.5,2.4,Sunny,0
890,Pune,7,30.3,80,996.8,11.9,90,3.3,3.0,Cloudy,1
891,Pune,2,23.3,52,997.4,2.7,23,12.4,5.6,Sunny,0
892,Jaipur,11,39.0,38,1024.7,5.8,37,2.7,13.8,Rainy,1
893,Hyderabad,1,27.9,86,1009.4,23.1,1,2.3,0.5,Foggy,0
894,Delhi,2,15.2,25,1005.0,16.1,97,5.1,2.4,Cloudy,0
895,Hyderabad,10,22.6,72,1017.3,10.9,40,12.5,7.4,Partly Cloudy,1
896,Delhi,6,37.7,37,990.1,26.2,51,11.3,0,Partly Cloudy,0
897,Bengaluru,1,28.5,92,1001.2,21.3,31,6.5,0,Sunny,1
898,Lucknow,11,14.4,66,990.7,11.4,5,14.6,0,Sunny,0
899,Jaipur,4,28.6,76,1019.6,24.0,44,7.3,11.0,Partly Cloudy,0
900,Mumbai,12,21.1,49,1018.5,26.2,73,12.1,0,Cloudy,0
901,Delhi,3,24.9,36,1002.1,20.5,70,14.8,0,Partly Cloudy,0
902,Jaipur,11,26.4,56,998.5,22.8,84,10.9,5.2,Cloudy,1
903,Delhi,3,39.6,66,1026.1,23.2,28,11.2,0,Sunny,0
904,Bengaluru,9,29.5,87,993.6,21.1,28,14.1,0,Sunny,0
905,Ahmedabad,2,29.9,73,1026.4,22.5,92,6.7,0,Cloudy,0
906,Chennai,4,16.8,62,993.5,3.6,94,9.5,0,Cloudy,1
907,Mumbai,10,20.5,65,1028.2,17.7,0,5.7,0,Sunny,0
908,Lucknow,6,34.2,41,1010.8,18.4,28,2.9,0,Sunny,1
909,Jaipur,6,12.9,62,1023.5,15.5,58,3.5,1.3,Partly Cloudy,0
910,Delhi,10,18.9,89,1029.6,4.6,90,9.2,11.1,Cloudy,1
911,Chennai,8,17.9,73,992.4,24.5,19,12.7,2.5,Sunny,0
912,Delhi,3,37.1,75,1002.0,24.6,20,14.9,8.4,Sunny,0
913,Hyderabad,7,31.0,69,1020.3,12.3,67,11.3,0.7,Partly Cloudy,0
914,Pune,7,11.3,66,1020.1,17.8,6,13.0,11.6,Sunny,0
915,Jaipur,11,13.6,42,1007.7,15.0,18,4.3,1.6,Sunny,0
916,Hyderabad,12,37.1,38,1017.1,29.7,18,6.6,0,Sunny,0
917,Bengaluru,1,11.3,85,997.2,2.5,65,10.3,0,Partly Cloudy,0
918,Lucknow,4,9.2,55,1005.9,9.8,76,14.4,0,Cloudy,0
919,Lucknow,12,41.7,36,1021.1,26.1,83,6.7,0,Cloudy,1
920,Mumbai,2,12.1,90,999.0,18.0,73,8.0,0,Cloudy,0
921,Mumbai,10,14.2,86,1030.0,21.4,38,9.2,2.0,Partly Cloudy,0
922,Pune,3,21.8,27,1005.8,24.7,100,12.5,4.1,Cloudy,0
923,Pune,10,26.3,40,1020.1,7.0,84,13.6,5.9,Cloudy,1
924,Pune,8,35.2,40,991.6,17.7,83,3.7,9.1,Cloudy,0
925,Delhi,2,41.3,89,1001.9,29.0,21,7.2,0.6,Sunny,1
926,Pune,5,30.4,81,995.6,15.2,40,8.6,0.5,Partly Cloudy,0
927,Hyderabad,10,26.3,51,1017.5,20.2,5,4.7,2.1,Sunny,0
928,Bengaluru,10,26.8,70,1001.1,22.1,54,2.5,4.4,Partly Cloudy,1
929,Lucknow,11,38.7,76,1008.2,28.4,86,7.2,0.9,Cloudy,1
930,Kolkata,11,31.7,49,1018.6,17.3,82,12.6,0,Cloudy,0
931,Lucknow,3,18.8,80,1005.2,29.0,31,2.5,2.2,Sunny,0
932,Mumbai,6,29.8,71,1026.4,23.6,18,13.2,2.2,Sunny,1
933,Delhi,2,20.8,53,1005.1,4.0,15,3.9,0,Sunny,0
934,Jaipur,2,26.0,98,1024.6,17.0,77,2.8,0,Foggy,1
935,Hyderabad,7,14.1,93,1012.1,26.6,51,7.9,1.0,Partly Cloudy,1
936,Bengaluru,11,12.3,73,1012.7,8.8,92,10.1,3.5,Cloudy,1
937,Chennai,11,28.7,83,997.3,29.6,59,8.3,2.1,Partly Cloudy,0
938,Chennai,5,29.6,36,1027.9,12.8,40,12.9,5.7,Partly Cloudy,0
939,Mumbai,12,16.2,36,996.6,2.7,95,5.4,11.2,Cloudy,1
940,Lucknow,11,25.3,42,1009.2,15.9,86,13.5,0,Cloudy,0
941,Lucknow,1,29.0,25,1018.6,21.4,95,6.2,10.4,Cloudy,0
942,Pune,11,28.7,82,1028.6,20.6,97,8.6,2.7,Cloudy,1
943,Mumbai,6,36.5,90,1004.1,2.5,63,6.6,1.3,Partly Cloudy,0
944,Chennai,9,36.9,40,1001.6,15.0,33,4.4,2.3,Sunny,0
945,Ahmedabad,7,15.4,64,1027.2,28.8,65,12.6,8.4,Partly Cloudy,0
946,Jaipur,1,20.1,83,1003.1,11.3,0,6.2,1.7,Sunny,0
947,Lucknow,6,8.3,80,1009.7,3.5,65,13.6,0,Partly Cloudy,1
948,Kolkata,4,24.0,72,1002.0,13.4,23,8.7,6.4,Sunny,1
949,Jaipur,11,36.5,45,995.6,22.7,0,6.3,2.8,Sunny,1
950,Delhi,3,21.4,67,1026.0,5.6,25,14.3,0,Sunny,0
951,Kolkata,2,22.3,95,1009.8,20.8,16,5.9,1.4,Sunny,0
952,Lucknow,3,11.7,38,1021.7,4.7,44,8.3,0,Partly Cloudy,0
953,Chennai,1,31.1,68,1007.2,18.3,1,7.4,0,Sunny,0
954,Chennai,10,13.2,90,997.5,9.2,14,13.2,6.1,Sunny,0
955,Chennai,11,35.9,50,1009.0,23.7,13,11.0,0,Sunny,0
956,Ahmedabad,11,29.6,54,994.8,12.6,35,14.9,0.5,Sunny,0
957,Lucknow,1,29.0,36,1024.6,12.0,67,5.6,0.6,Partly Cloudy,1
958,Jaipur,1,25.3,31,1002.2,8.8,35,14.2,0,Sunny,0
959,Chennai,6,38.4,48,991.6,2.5,95,5.8,2.1,Cloudy,0
960,Lucknow,3,16.6,87,1004.5,9.8,12,10.5,4.5,Sunny,0
961,Bengaluru,6,20.3,71,1019.7,18.1,77,6.5,1.0,Cloudy,1
962,Mumbai,3,29.4,40,991.6,29.1,83,12.5,0.2,Cloudy,1
963,Jaipur,2,10.5,94,1014.8,9.7,60,14.9,5.4,Partly Cloudy,1
964,Chennai,7,26.7,57,1025.7,23.0,71,14.7,10.6,Cloudy,0
965,Jaipur,11,32.4,80,992.7,13.2,64,12.2,5.0,Partly Cloudy,0
966,Kolkata,1,40.5,32,1021.8,21.1,94,12.5,6.5,Cloudy,0
967,Pune,9,41.0,46,1007.5,15.8,71,12.0,0,Cloudy,1
968,Bengaluru,10,15.4,26,1025.2,23.9,58,8.3,5.3,Partly Cloudy,0
969,Kolkata,5,37.0,62,1018.3,17.0,21,4.5,0,Sunny,0
970,Kolkata,3,17.2,31,1015.7,8.2,26,8.7,0,Sunny,1
971,Hyderabad,11,28.6,72,1003.0,28.4,70,5.1,10.1,Partly Cloudy,1
972,Delhi,11,35.7,70,998.8,29.0,22,5.0,8.5,Sunny,1
973,Ahmedabad,2,32.6,73,1027.8,8.5,80,10.1,0,Cloudy,1
974,Kolkata,4,27.8,75,996.2,7.7,92,7.4,0.1,Cloudy,1
975,Jaipur,2,24.9,83,997.4,26.0,24,9.2,3.5,Sunny,1
976,Kolkata,3,38.1,75,1017.5,6.4,18,2.5,0,Sunny,1
977,Lucknow,2,32.6,42,1019.1,24.4,77,2.8,1.2,Cloudy,1
978,Delhi,3,16.4,35,1000.7,28.2,76,1.7,4.6,Cloudy,0
979,Mumbai,9,33.0,68,1024.1,3.5,17,8.0,0,Sunny,1
980,Hyderabad,8,13.3,32,1011.7,8.8,69,3.2,0.9,Partly Cloudy,0
981,Mumbai,9,18.1,90,1025.5,13.0,0,13.8,5.7,Sunny,1
982,Kolkata,4,39.3,74,1017.5,21.7,14,8.1,1.3,Sunny,0
983,Chennai,2,40.5,61,1004.3,18.9,15,6.4,2.4,Sunny,1
984,Bengaluru,3,22.6,67,1014.0,20.7,19,13.6,0,Sunny,0
985,Ahmedabad,5,19.8,38,1000.8,15.5,47,14.1,3.4,Partly Cloudy,1
986,Delhi,3,34.4,43,1002.8,12.3,92,12.3,0,Cloudy,0
987,Mumbai,2,27.6,60,995.8,10.4,16,4.0,0,Sunny,0
988,Lucknow,10,35.0,67,995.5,28.4,31,6.7,3.4,Sunny,0
989,Pune,9,24.7,93,1022.9,12.2,74,11.2,0,Cloudy,0
990,Chennai,12,11.0,71,990.1,29.8,2,6.4,0,Sunny,0
991,Bengaluru,2,10.0,69,1004.4,25.6,99,12.6,2.2,Cloudy,0
992,Lucknow,4,15.2,53,992.2,5.0,89,11.0,5.7,Cloudy,1
993,Delhi,12,40.8,72,992.2,4.1,74,2.5,8.3,Cloudy,1
994,Hyderabad,3,10.7,34,990.5,25.1,53,3.5,0,Partly Cloudy,1
995,Bengaluru,12,25.9,63,1008.8,22.0,56,12.0,1.6,Partly Cloudy,1
996,Delhi,10,33.5,89,996.4,12.5,54,10.7,0,Partly Cloudy,0
997,Pune,12,36.2,98,1010.1,21.6,54,14.1,0.2,Partly Cloudy,1
998,Bengaluru,12,15.2,32,998.8,6.3,95,14.7,5.2,Cloudy,0
999,Mumbai,12,23.9,65,1016.1,12.7,48,3.7,2.9,Partly Cloudy,1
1000,Mumbai,2,10.6,67,991.1,9.2,69,2.9,0,Partly Cloudy,1
